14148,and,CRAFT
2365,as,CRAFT
2345,at,CRAFT
1969,are,CRAFT
1610,not,CRAFT
1310,an,CRAFT
861,also,CRAFT
785,analysis,CRAFT
735,all,CRAFT
555,normal,CRAFT
534,development,CRAFT
533,al,CRAFT
500,animals,CRAFT
484,into,CRAFT
469,activity,CRAFT
449,after,CRAFT
432,allele,CRAFT
428,described,CRAFT
334,antibody,CRAFT
320,detected,CRAFT
316,additional,CRAFT
310,although,CRAFT
285,absence,CRAFT
257,annexin,CRAFT
257,including,CRAFT
251,defects,CRAFT
250,indicated,CRAFT
243,increased,CRAFT
241,age,CRAFT
240,disease,CRAFT
238,a7,CRAFT
238,united,CRAFT
231,analyzed,CRAFT
229,addition,CRAFT
225,unpublished,CRAFT
204,alleles,CRAFT
203,deletion,CRAFT
201,antibodies,CRAFT
201,associated,CRAFT
199,any,CRAFT
189,developing,CRAFT
186,indicate,CRAFT
185,amino,CRAFT
183,determined,CRAFT
182,analyses,CRAFT
179,atrx,CRAFT
178,acid,CRAFT
173,important,CRAFT
171,apoptotic,CRAFT
170,normally,CRAFT
168,adult,CRAFT
164,involved,CRAFT
158,animal,CRAFT
155,determine,CRAFT
153,abnormal,CRAFT
153,increase,CRAFT
150,demonstrated,CRAFT
148,interaction,CRAFT
146,distribution,CRAFT
146,under,CRAFT
141,affected,CRAFT
139,activation,CRAFT
134,approximately,CRAFT
132,assay,CRAFT
132,death,CRAFT
132,developmental,CRAFT
132,distinct,CRAFT
132,interactions,CRAFT
130,apoptosis,CRAFT
127,appeared,CRAFT
127,derived,CRAFT
126,indicates,CRAFT
125,incubated,CRAFT
124,aqp2,CRAFT
124,discrimination,CRAFT
121,aj,CRAFT
121,images,CRAFT
118,against,CRAFT
117,arrows,CRAFT
116,abcg8,CRAFT
116,above,CRAFT
114,abnormalities,CRAFT
114,apc,CRAFT
114,defect,CRAFT
113,amyloid,CRAFT
112,altered,CRAFT
112,inner,CRAFT
111,acids,CRAFT
111,authors,CRAFT
111,note,CRAFT
110,according,CRAFT
110,apparent,CRAFT
106,ability,CRAFT
105,deficient,CRAFT
105,individuals,CRAFT
104,noted,CRAFT
103,arrow,CRAFT
103,articular,CRAFT
103,designed,CRAFT
103,individual,CRAFT
101,assays,CRAFT
101,indicating,CRAFT
99,appears,CRAFT
98,novel,CRAFT
97,detect,CRAFT
95,among,CRAFT
95,decreased,CRAFT
94,anterior,CRAFT
93,along,CRAFT
92,demonstrate,CRAFT
92,distal,CRAFT
91,developed,CRAFT
91,impaired,CRAFT
90,appear,CRAFT
90,axons,CRAFT
90,immunostaining,CRAFT
89,despite,CRAFT
87,independent,CRAFT
87,information,CRAFT
87,interestingly,CRAFT
86,available,CRAFT
86,detectable,CRAFT
83,app,CRAFT
83,displayed,CRAFT
82,defined,CRAFT
82,induced,CRAFT
82,induction,CRAFT
81,across,CRAFT
81,amplified,CRAFT
81,arthritis,CRAFT
80,amount,CRAFT
80,develop,CRAFT
80,discussion,CRAFT
80,intermediate,CRAFT
79,intron,CRAFT
78,about,CRAFT
77,initial,CRAFT
76,adam22,CRAFT
76,agouti,CRAFT
76,another,CRAFT
76,deficiency,CRAFT
75,acdp,CRAFT
75,atrxnull,CRAFT
75,image,CRAFT
74,andor,CRAFT
74,average,CRAFT
73,approach,CRAFT
73,immunohistochemistry,CRAFT
73,indeed,CRAFT
73,university,CRAFT
72,detection,CRAFT
72,untreated,CRAFT
71,affect,CRAFT
71,around,CRAFT
71,northern,CRAFT
70,absent,CRAFT
70,area,CRAFT
70,disruption,CRAFT
70,underlying,CRAFT
70,unknown,CRAFT
68,density,CRAFT
67,abstract,CRAFT
67,active,CRAFT
67,assessed,CRAFT
65,alphaabko,CRAFT
65,decrease,CRAFT
65,included,CRAFT
65,intact,CRAFT
65,interact,CRAFT
64,acknowledgements,CRAFT
63,ad,CRAFT
63,almost,CRAFT
63,assembly,CRAFT
63,dissected,CRAFT
62,apical,CRAFT
62,areas,CRAFT
62,association,CRAFT
61,accumulation,CRAFT
61,afferents,CRAFT
59,interval,CRAFT
58,invitrogen,CRAFT
57,act,CRAFT
57,arrest,CRAFT
57,innervation,CRAFT
56,adjacent,CRAFT
56,depletion,CRAFT
56,display,CRAFT
56,initially,CRAFT
56,until,CRAFT
55,actin,CRAFT
55,aortic,CRAFT
55,inbred,CRAFT
54,appearance,CRAFT
54,assess,CRAFT
54,initiation,CRAFT
53,adam11,CRAFT
53,antioxidant,CRAFT
53,importance,CRAFT
53,investigate,CRAFT
52,alone,CRAFT
52,apcs,CRAFT
52,implicated,CRAFT
52,institute,CRAFT
52,interests,CRAFT
52,unique,CRAFT
51,injected,CRAFT
51,insertion,CRAFT
51,interest,CRAFT
50,dependent,CRAFT
50,disorder,CRAFT
50,include,CRAFT
50,instead,CRAFT
50,intestine,CRAFT
49,abbreviations,CRAFT
49,added,CRAFT
49,alternatively,CRAFT
49,increasing,CRAFT
49,induce,CRAFT
48,aberrant,CRAFT
48,alterations,CRAFT
48,anova,CRAFT
48,appropriate,CRAFT
48,atp,CRAFT
48,defective,CRAFT
48,deh,CRAFT
48,immunofluorescence,CRAFT
48,investigated,CRAFT
47,abundance,CRAFT
47,activated,CRAFT
47,afferent,CRAFT
47,aggregation,CRAFT
47,applied,CRAFT
47,deleted,CRAFT
47,immature,CRAFT
47,inactivation,CRAFT
46,abcg8sterolin2,CRAFT
46,alternative,CRAFT
46,arrowheads,CRAFT
45,again,CRAFT
45,alk5,CRAFT
45,amplification,CRAFT
45,analysed,CRAFT
45,intensity,CRAFT
44,accession,CRAFT
44,approved,CRAFT
44,arrowhead,CRAFT
43,able,CRAFT
43,alk5wnt1cre,CRAFT
43,improved,CRAFT
43,now,CRAFT
42,alphacrystallin,CRAFT
42,inhibitors,CRAFT
42,interdigital,CRAFT
42,nor,CRAFT
42,undergo,CRAFT
41,acdp1,CRAFT
41,aqp2f204v,CRAFT
41,internal,CRAFT
41,unlikely,CRAFT
40,allow,CRAFT
40,index,CRAFT
40,unable,CRAFT
39,aa,CRAFT
39,activities,CRAFT
39,degree,CRAFT
39,delayed,CRAFT
39,detailed,CRAFT
39,diseases,CRAFT
39,immediately,CRAFT
39,inhibitor,CRAFT
39,intracellular,CRAFT
38,abcg5sterolin1,CRAFT
38,ages,CRAFT
38,allowed,CRAFT
38,amounts,CRAFT
38,assistance,CRAFT
38,deficits,CRAFT
38,inserted,CRAFT
37,ab,CRAFT
37,adam11deficient,CRAFT
37,asterisk,CRAFT
37,dehdeh,CRAFT
37,introduction,CRAFT
37,unwinding,CRAFT
36,amplify,CRAFT
36,deposits,CRAFT
36,determination,CRAFT
36,disrupted,CRAFT
35,aged,CRAFT
35,alexa,CRAFT
35,influence,CRAFT
34,antigen,CRAFT
34,asterisks,CRAFT
34,ataxia,CRAFT
34,intestinal,CRAFT
34,understanding,CRAFT
33,acquisition,CRAFT
33,alter,CRAFT
33,declared,CRAFT
33,delay,CRAFT
33,dermis,CRAFT
33,design,CRAFT
33,displaced,CRAFT
33,importantly,CRAFT
33,inhibition,CRAFT
33,nonbc,CRAFT
32,abundant,CRAFT
32,additionally,CRAFT
32,agreement,CRAFT
32,already,CRAFT
32,apex,CRAFT
32,decreases,CRAFT
32,injection,CRAFT
31,ac,CRAFT
31,acquired,CRAFT
31,address,CRAFT
31,atrxflox,CRAFT
31,author,CRAFT
31,immunocytochemistry,CRAFT
31,inc,CRAFT
31,incidence,CRAFT
31,independently,CRAFT
31,indirect,CRAFT
31,interacts,CRAFT
31,normalized,CRAFT
30,ablation,CRAFT
30,abnormally,CRAFT
30,activate,CRAFT
30,affects,CRAFT
30,alphab,CRAFT
30,arm,CRAFT
30,associative,CRAFT
30,autosomal,CRAFT
30,demonstrates,CRAFT
30,demonstrating,CRAFT
30,derepression,CRAFT
30,disorders,CRAFT
30,impact,CRAFT
30,none,CRAFT
29,ajuba,CRAFT
29,atrxwt,CRAFT
29,dehydrogenase,CRAFT
29,distinguish,CRAFT
29,increases,CRAFT
29,indistinguishable,CRAFT
29,intervals,CRAFT
29,unaffected,CRAFT
28,account,CRAFT
28,action,CRAFT
28,administration,CRAFT
28,aecs,CRAFT
28,affymetrix,CRAFT
28,apccko,CRAFT
28,astrocytes,CRAFT
28,atat,CRAFT
28,axis,CRAFT
28,inherited,CRAFT
28,institutes,CRAFT
28,introduced,CRAFT
28,investigation,CRAFT
28,involving,CRAFT
28,unclear,CRAFT
27,aer,CRAFT
27,amersham,CRAFT
27,anesthesia,CRAFT
27,antimouse,CRAFT
27,antirabbit,CRAFT
27,aspects,CRAFT
27,deposition,CRAFT
27,immunohistochemical,CRAFT
27,incubation,CRAFT
27,initiated,CRAFT
27,insulin,CRAFT
27,notably,CRAFT
26,abcg5,CRAFT
26,accordance,CRAFT
26,acts,CRAFT
26,adhesion,CRAFT
26,aging,CRAFT
26,ai,CRAFT
26,apparently,CRAFT
26,arterial,CRAFT
26,axon,CRAFT
26,deficit,CRAFT
26,degeneration,CRAFT
26,detail,CRAFT
26,discussed,CRAFT
26,integration,CRAFT
26,inverted,CRAFT
26,node,CRAFT
25,adiposity,CRAFT
25,agarose,CRAFT
25,alignment,CRAFT
25,apc580,CRAFT
25,define,CRAFT
25,details,CRAFT
25,interesting,CRAFT
24,achieved,CRAFT
24,affecting,CRAFT
24,alphaa,CRAFT
24,analyze,CRAFT
24,associate,CRAFT
24,immunoblotting,CRAFT
24,impairment,CRAFT
24,injections,CRAFT
24,intense,CRAFT
24,unlike,CRAFT
23,a42,CRAFT
23,acute,CRAFT
23,agematched,CRAFT
23,allows,CRAFT
23,arch,CRAFT
23,artery,CRAFT
23,autoimmune,CRAFT
23,definitive,CRAFT
23,distance,CRAFT
23,unexpected,CRAFT
22,ampars,CRAFT
22,anesthetized,CRAFT
22,annealing,CRAFT
22,approaches,CRAFT
22,atg,CRAFT
22,autoimmunity,CRAFT
22,axonal,CRAFT
22,dehydrated,CRAFT
22,discussions,CRAFT
22,immunoblot,CRAFT
22,interacting,CRAFT
22,understand,CRAFT
22,understood,CRAFT
21,abolished,CRAFT
21,acadm,CRAFT
21,allowing,CRAFT
21,antisense,CRAFT
21,designated,CRAFT
21,dish,CRAFT
21,integrated,CRAFT
21,untranslated,CRAFT
20,accurate,CRAFT
20,af,CRAFT
20,affinity,CRAFT
20,aggregates,CRAFT
20,amacrine,CRAFT
20,ampar,CRAFT
20,ankle,CRAFT
20,array,CRAFT
20,deafness,CRAFT
20,depicted,CRAFT
20,dissociated,CRAFT
20,immunostained,CRAFT
20,inappropriate,CRAFT
20,inhibit,CRAFT
20,unchanged,CRAFT
20,units,CRAFT
19,activator,CRAFT
19,aggregated,CRAFT
19,ampa,CRAFT
19,antiabcg5sterolin1,CRAFT
19,antiinflammatory,CRAFT
19,anxa7,CRAFT
19,ap,CRAFT
19,arrested,CRAFT
19,ash,CRAFT
19,assayed,CRAFT
19,attributed,CRAFT
19,ave,CRAFT
19,depending,CRAFT
19,deviation,CRAFT
19,immune,CRAFT
19,incorporation,CRAFT
19,inflammation,CRAFT
19,injury,CRAFT
19,inl,CRAFT
19,involvement,CRAFT
19,unusual,CRAFT
18,accompanied,CRAFT
18,actions,CRAFT
18,activating,CRAFT
18,additive,CRAFT
18,addressed,CRAFT
18,agg,CRAFT
18,alteration,CRAFT
18,assessment,CRAFT
18,axial,CRAFT
18,immunoprecipitation,CRAFT
18,inability,CRAFT
18,inactivated,CRAFT
18,instructions,CRAFT
18,nontransgenic,CRAFT
17,adipocyte,CRAFT
17,albeit,CRAFT
17,always,CRAFT
17,degradation,CRAFT
17,deleting,CRAFT
17,dendrites,CRAFT
17,depend,CRAFT
17,depends,CRAFT
17,derivatives,CRAFT
17,detects,CRAFT
17,devoid,CRAFT
17,dissection,CRAFT
17,immunoreactivity,CRAFT
17,incomplete,CRAFT
17,inhibitory,CRAFT
17,initiate,CRAFT
17,insight,CRAFT
17,intercrosses,CRAFT
17,notion,CRAFT
17,undifferentiated,CRAFT
17,unrelated,CRAFT
16,a40,CRAFT
16,adulthood,CRAFT
16,agerelated,CRAFT
16,alternate,CRAFT
16,ana,CRAFT
16,anesthetic,CRAFT
16,anteriorposterior,CRAFT
16,apcckocko,CRAFT
16,autopsy,CRAFT
16,degenerate,CRAFT
16,denoted,CRAFT
16,discovery,CRAFT
16,disorganized,CRAFT
16,disrupt,CRAFT
16,imprinted,CRAFT
16,influences,CRAFT
16,insert,CRAFT
16,inset,CRAFT
16,interallelic,CRAFT
16,intercross,CRAFT
16,nodal,CRAFT
16,nonmutant,CRAFT
16,noti,CRAFT
16,uniform,CRAFT
16,unpaired,CRAFT
15,abnormality,CRAFT
15,abs,CRAFT
15,absolute,CRAFT
15,adam22deficient,CRAFT
15,agonist,CRAFT
15,ancestral,CRAFT
15,antagonists,CRAFT
15,application,CRAFT
15,appsweind,CRAFT
15,aqueous,CRAFT
15,assigned,CRAFT
15,attached,CRAFT
15,avp,CRAFT
15,dense,CRAFT
15,distributed,CRAFT
15,induces,CRAFT
15,institutional,CRAFT
15,instruments,CRAFT
15,intestinalis,CRAFT
15,involve,CRAFT
15,involves,CRAFT
15,unless,CRAFT
14,abcam,CRAFT
14,acetate,CRAFT
14,acylcoa,CRAFT
14,adipocytes,CRAFT
14,alcian,CRAFT
14,alkaline,CRAFT
14,amplitudes,CRAFT
14,annexins,CRAFT
14,antichromatin,CRAFT
14,architecture,CRAFT
14,article,CRAFT
14,aspect,CRAFT
14,attempt,CRAFT
14,away,CRAFT
14,develops,CRAFT
14,displacement,CRAFT
14,includes,CRAFT
14,indirectly,CRAFT
14,inhibiting,CRAFT
14,input,CRAFT
14,inside,CRAFT
14,interpretation,CRAFT
14,introns,CRAFT
13,accessory,CRAFT
13,acdp2,CRAFT
13,acidic,CRAFT
13,acylcarnitine,CRAFT
13,adam23,CRAFT
13,adams,CRAFT
13,aeae,CRAFT
13,alp,CRAFT
13,alveolar,CRAFT
13,ancient,CRAFT
13,aorta,CRAFT
13,arbitrary,CRAFT
13,argue,CRAFT
13,assembled,CRAFT
13,associates,CRAFT
13,atrx18neo,CRAFT
13,autoabs,CRAFT
13,determining,CRAFT
13,developmentally,CRAFT
13,dissect,CRAFT
13,distilled,CRAFT
13,illustrated,CRAFT
13,imaging,CRAFT
13,immunisation,CRAFT
13,inhibited,CRAFT
13,initiates,CRAFT
13,interpreted,CRAFT
13,notable,CRAFT
12,accounts,CRAFT
12,acdp4,CRAFT
12,acridine,CRAFT
12,actual,CRAFT
12,adjusted,CRAFT
12,ae,CRAFT
12,alk2,CRAFT
12,analogous,CRAFT
12,antisam68,CRAFT
12,arrays,CRAFT
12,arteries,CRAFT
12,artificial,CRAFT
12,ascending,CRAFT
12,averaged,CRAFT
12,avoid,CRAFT
12,deciduas,CRAFT
12,deposited,CRAFT
12,dermal,CRAFT
12,dishes,CRAFT
12,dispensable,CRAFT
12,immunoblots,CRAFT
12,inhibits,CRAFT
12,insights,CRAFT
12,integrity,CRAFT
12,intensities,CRAFT
12,intriguing,CRAFT
12,underlie,CRAFT
12,unrewarded,CRAFT
11,absolutely,CRAFT
11,aca,CRAFT
11,adenomatous,CRAFT
11,adequate,CRAFT
11,adipose,CRAFT
11,advice,CRAFT
11,aga,CRAFT
11,alanine,CRAFT
11,aligned,CRAFT
11,allelic,CRAFT
11,alveoli,CRAFT
11,atpase,CRAFT
11,aus1,CRAFT
11,denatured,CRAFT
11,dependence,CRAFT
11,discovered,CRAFT
11,implantation,CRAFT
11,implicating,CRAFT
11,indiana,CRAFT
11,inframe,CRAFT
11,infusion,CRAFT
11,insipidus,CRAFT
11,intake,CRAFT
11,integrin,CRAFT
11,intermediates,CRAFT
11,interzone,CRAFT
11,intraperitoneally,CRAFT
11,intronic,CRAFT
11,investigator,CRAFT
11,noggin,CRAFT
10,access,CRAFT
10,accordingly,CRAFT
10,accumulated,CRAFT
10,acdp3,CRAFT
10,advantage,CRAFT
10,alizarin,CRAFT
10,alpha,CRAFT
10,alto,CRAFT
10,american,CRAFT
10,anomalies,CRAFT
10,antisera,CRAFT
10,assisted,CRAFT
10,attributable,CRAFT
10,availability,CRAFT
10,avpr2,CRAFT
10,decreasing,CRAFT
10,deduced,CRAFT
10,deep,CRAFT
10,deletions,CRAFT
10,denote,CRAFT
10,denotes,CRAFT
10,department,CRAFT
10,derepressed,CRAFT
10,determinants,CRAFT
10,disrupting,CRAFT
10,disturbance,CRAFT
10,immortalized,CRAFT
10,improve,CRAFT
10,incorporating,CRAFT
10,indianapolis,CRAFT
10,inflammatory,CRAFT
10,initiating,CRAFT
10,insets,CRAFT
10,intercellular,CRAFT
10,intercrossed,CRAFT
10,intermediary,CRAFT
10,interrupted,CRAFT
10,intolerance,CRAFT
10,undetectable,CRAFT
10,unexpectedly,CRAFT
10,unit,CRAFT
9,accounting,CRAFT
9,accurately,CRAFT
9,acd,CRAFT
9,actually,CRAFT
9,ad1,CRAFT
9,adaptation,CRAFT
9,add,CRAFT
9,administered,CRAFT
9,alzheimer,CRAFT
9,america,CRAFT
9,amip3,CRAFT
9,antagonism,CRAFT
9,antiatrx,CRAFT
9,antiserum,CRAFT
9,apparatus,CRAFT
9,appendages,CRAFT
9,appropriately,CRAFT
9,approximate,CRAFT
9,aqp2f204vgfp,CRAFT
9,arose,CRAFT
9,arteriosus,CRAFT
9,attempted,CRAFT
9,attention,CRAFT
9,aurora,CRAFT
9,autofluorescent,CRAFT
9,autosomes,CRAFT
9,deeply,CRAFT
9,degrees,CRAFT
9,delete,CRAFT
9,delivery,CRAFT
9,denaturation,CRAFT
9,dental,CRAFT
9,depleted,CRAFT
9,discs,CRAFT
9,diseasecausing,CRAFT
9,dissecting,CRAFT
9,distinguishable,CRAFT
9,immunodetection,CRAFT
9,implications,CRAFT
9,inconsistent,CRAFT
9,indicator,CRAFT
9,inefficient,CRAFT
9,influx,CRAFT
9,inheritance,CRAFT
9,involucrin,CRAFT
9,irregularly,CRAFT
9,nonetheless,CRAFT
9,nonfunctional,CRAFT
9,noninvasive,CRAFT
9,uncoupling,CRAFT
9,unigene,CRAFT
9,unwound,CRAFT
8,a2,CRAFT
8,aaa,CRAFT
8,aat,CRAFT
8,abdominal,CRAFT
8,absorption,CRAFT
8,acc,CRAFT
8,accessible,CRAFT
8,activates,CRAFT
8,acutely,CRAFT
8,adding,CRAFT
8,adipogenic,CRAFT
8,adults,CRAFT
8,agilent,CRAFT
8,ajs,CRAFT
8,albino,CRAFT
8,alignments,CRAFT
8,alive,CRAFT
8,alters,CRAFT
8,amc,CRAFT
8,amplicon,CRAFT
8,amplifies,CRAFT
8,amylacetate,CRAFT
8,angle,CRAFT
8,annealed,CRAFT
8,anophthalmia,CRAFT
8,antagonistic,CRAFT
8,anticii,CRAFT
8,antigoat,CRAFT
8,apart,CRAFT
8,aqp2f204vf204v,CRAFT
8,arginine,CRAFT
8,arise,CRAFT
8,assemble,CRAFT
8,assuming,CRAFT
8,asynapsis,CRAFT
8,atc,CRAFT
8,atcc,CRAFT
8,atrxpositive,CRAFT
8,atrxt,CRAFT
8,autoprocessing,CRAFT
8,deficiencies,CRAFT
8,demands,CRAFT
8,derive,CRAFT
8,describe,CRAFT
8,detecting,CRAFT
8,dextran,CRAFT
8,dextranfitc,CRAFT
8,diseasespecific,CRAFT
8,displace,CRAFT
8,distances,CRAFT
8,distinctive,CRAFT
8,illumina,CRAFT
8,imaged,CRAFT
8,implies,CRAFT
8,inclusion,CRAFT
8,incorporated,CRAFT
8,indication,CRAFT
8,indicative,CRAFT
8,individually,CRAFT
8,inducible,CRAFT
8,inserts,CRAFT
8,intraocular,CRAFT
8,intraperitoneal,CRAFT
8,intrinsic,CRAFT
8,invaginating,CRAFT
8,nonneuronal,CRAFT
8,undergone,CRAFT
8,uniformly,CRAFT
8,unlabeled,CRAFT
8,unrepaired,CRAFT
7,abcg8deficient,CRAFT
7,accelerated,CRAFT
7,acquire,CRAFT
7,adam,CRAFT
7,adobe,CRAFT
7,advanced,CRAFT
7,afork3,CRAFT
7,afork5,CRAFT
7,agc,CRAFT
7,agents,CRAFT
7,ago,CRAFT
7,agt,CRAFT
7,ah,CRAFT
7,aid,CRAFT
7,ak,CRAFT
7,albumin,CRAFT
7,amh,CRAFT
7,amplitude,CRAFT
7,analogy,CRAFT
7,anatomy,CRAFT
7,ancestor,CRAFT
7,anhydrase,CRAFT
7,aniridia,CRAFT
7,annotated,CRAFT
7,antidsdna,CRAFT
7,aorticopulmonary,CRAFT
7,apcckon,CRAFT
7,argues,CRAFT
7,arthritic,CRAFT
7,associations,CRAFT
7,assumed,CRAFT
7,astrocytic,CRAFT
7,astroglial,CRAFT
7,debris,CRAFT
7,decidual,CRAFT
7,defense,CRAFT
7,defining,CRAFT
7,depict,CRAFT
7,discrete,CRAFT
7,dissolved,CRAFT
7,distinguished,CRAFT
7,immediate,CRAFT
7,immersion,CRAFT
7,immunofluorescent,CRAFT
7,immunoresearch,CRAFT
7,implying,CRAFT
7,impossible,CRAFT
7,improvement,CRAFT
7,incorrect,CRAFT
7,increasingly,CRAFT
7,inducing,CRAFT
7,influenced,CRAFT
7,informative,CRAFT
7,infused,CRAFT
7,inspection,CRAFT
7,instance,CRAFT
7,insufficiency,CRAFT
7,interbred,CRAFT
7,interindividual,CRAFT
7,intertrial,CRAFT
7,interzones,CRAFT
7,introduce,CRAFT
7,invasion,CRAFT
7,investigating,CRAFT
7,investigators,CRAFT
7,irradiation,CRAFT
7,nonspecific,CRAFT
7,norvegus,CRAFT
7,notch,CRAFT
7,noteworthy,CRAFT
7,novo,CRAFT
7,undergoes,CRAFT
7,underlies,CRAFT
7,underwent,CRAFT
6,abc,CRAFT
6,abcg5abcg8,CRAFT
6,academic,CRAFT
6,accessed,CRAFT
6,acetic,CRAFT
6,acetylated,CRAFT
6,achieve,CRAFT
6,acting,CRAFT
6,actively,CRAFT
6,adapted,CRAFT
6,adipogenesis,CRAFT
6,adjust,CRAFT
6,afork35,CRAFT
6,ag,CRAFT
6,agent,CRAFT
6,agulnik,CRAFT
6,aliquots,CRAFT
6,alowering,CRAFT
6,altabef,CRAFT
6,amongst,CRAFT
6,amygdala,CRAFT
6,anchoring,CRAFT
6,andersson,CRAFT
6,antagonist,CRAFT
6,antibrdu,CRAFT
6,anticadmium,CRAFT
6,anticipated,CRAFT
6,antiha,CRAFT
6,antinuclear,CRAFT
6,apoe,CRAFT
6,applicable,CRAFT
6,ar,CRAFT
6,asked,CRAFT
6,atherosclerosis,CRAFT
6,atrxwtnull,CRAFT
6,ats,CRAFT
6,attempts,CRAFT
6,autofluorescence,CRAFT
6,automated,CRAFT
6,deaths,CRAFT
6,decline,CRAFT
6,denatonium,CRAFT
6,densely,CRAFT
6,densities,CRAFT
6,dentin,CRAFT
6,deoxycholate,CRAFT
6,depicting,CRAFT
6,derangements,CRAFT
6,descending,CRAFT
6,description,CRAFT
6,determines,CRAFT
6,deuterostomes,CRAFT
6,deviations,CRAFT
6,dexa,CRAFT
6,disappears,CRAFT
6,discrepancy,CRAFT
6,discriminate,CRAFT
6,disk,CRAFT
6,disruptions,CRAFT
6,distinguishing,CRAFT
6,il10,CRAFT
6,illustrate,CRAFT
6,immunization,CRAFT
6,immunizing,CRAFT
6,immunolabeled,CRAFT
6,immunolabeling,CRAFT
6,impairs,CRAFT
6,implicate,CRAFT
6,imply,CRAFT
6,impression,CRAFT
6,inactivate,CRAFT
6,inactivating,CRAFT
6,influencing,CRAFT
6,inserting,CRAFT
6,integrins,CRAFT
6,interested,CRAFT
6,interface,CRAFT
6,international,CRAFT
6,interphase,CRAFT
6,interspersed,CRAFT
6,invagination,CRAFT
6,irregular,CRAFT
6,nodules,CRAFT
6,nomenclature,CRAFT
6,nonolfactory,CRAFT
6,notice,CRAFT
6,noticeable,CRAFT
6,nowicki,CRAFT
6,unaltered,CRAFT
6,undergoing,CRAFT
6,underway,CRAFT
6,unfortunately,CRAFT
6,universal,CRAFT
6,unwinds,CRAFT
5,a11,CRAFT
5,a4,CRAFT
5,aag,CRAFT
5,abbreviated,CRAFT
5,aberrantly,CRAFT
5,accelerate,CRAFT
5,accomplished,CRAFT
5,accumulate,CRAFT
5,actb,CRAFT
5,adaptive,CRAFT
5,adrenal,CRAFT
5,aggregate,CRAFT
5,airways,CRAFT
5,alcohols,CRAFT
5,alk2wnt1cre,CRAFT
5,alx3,CRAFT
5,alzheimers,CRAFT
5,am,CRAFT
5,ameliorate,CRAFT
5,amenable,CRAFT
5,amino3hydroxy5methyl4isoxazolepropionate,CRAFT
5,analyzer,CRAFT
5,anatomic,CRAFT
5,androgen,CRAFT
5,anemia,CRAFT
5,anteriorly,CRAFT
5,antisnail,CRAFT
5,antissdna,CRAFT
5,ao,CRAFT
5,apact,CRAFT
5,appearing,CRAFT
5,appendicular,CRAFT
5,aqp3,CRAFT
5,aqp5,CRAFT
5,arches,CRAFT
5,arises,CRAFT
5,arthur,CRAFT
5,artifacts,CRAFT
5,ascertain,CRAFT
5,assumption,CRAFT
5,asymmetric,CRAFT
5,asynaptic,CRAFT
5,ata,CRAFT
5,atp5a1,CRAFT
5,atrxmutant,CRAFT
5,attenuated,CRAFT
5,attractive,CRAFT
5,atypical,CRAFT
5,autonomously,CRAFT
5,averages,CRAFT
5,aw,CRAFT
5,award,CRAFT
5,awave,CRAFT
5,ay317365,CRAFT
5,ay318555,CRAFT
5,dead,CRAFT
5,decade,CRAFT
5,decay,CRAFT
5,degraded,CRAFT
5,delineates,CRAFT
5,deparaffinized,CRAFT
5,depression,CRAFT
5,derives,CRAFT
5,discriminative,CRAFT
5,disengage,CRAFT
5,displays,CRAFT
5,disrupts,CRAFT
5,dissections,CRAFT
5,dissociation,CRAFT
5,distant,CRAFT
5,distinction,CRAFT
5,distributions,CRAFT
5,imager,CRAFT
5,immersed,CRAFT
5,immunoblotted,CRAFT
5,immunochemical,CRAFT
5,implant,CRAFT
5,implanted,CRAFT
5,import,CRAFT
5,imprinting,CRAFT
5,incision,CRAFT
5,inclined,CRAFT
5,incorporate,CRAFT
5,incubating,CRAFT
5,indispensable,CRAFT
5,inductive,CRAFT
5,inferred,CRAFT
5,inherit,CRAFT
5,ink,CRAFT
5,insertions,CRAFT
5,instrument,CRAFT
5,insulinsensitive,CRAFT
5,intensive,CRAFT
5,interference,CRAFT
5,interfering,CRAFT
5,interplay,CRAFT
5,intervention,CRAFT
5,intronexon,CRAFT
5,invaginations,CRAFT
5,investigations,CRAFT
5,ires,CRAFT
5,iris,CRAFT
5,noncholesterol,CRAFT
5,nonfat,CRAFT
5,nonsense,CRAFT
5,noticeably,CRAFT
5,notochord,CRAFT
5,underdeveloped,CRAFT
5,unequal,CRAFT
5,unprocessed,CRAFT
5,unstable,CRAFT
5,unwanted,CRAFT
5,unwind,CRAFT
4,a3,CRAFT
4,ablating,CRAFT
4,abolish,CRAFT
4,abrogating,CRAFT
4,abrogation,CRAFT
4,abruptly,CRAFT
4,absorbed,CRAFT
4,acasp3,CRAFT
4,acetylcholine,CRAFT
4,acknowledge,CRAFT
4,addressing,CRAFT
4,adds,CRAFT
4,adjustment,CRAFT
4,adjuvant,CRAFT
4,adpstimulated,CRAFT
4,adrenergic,CRAFT
4,advantages,CRAFT
4,adverse,CRAFT
4,advia,CRAFT
4,aflp,CRAFT
4,afp,CRAFT
4,aimed,CRAFT
4,air,CRAFT
4,albinism,CRAFT
4,alcohol,CRAFT
4,alexafluor,CRAFT
4,algorithm,CRAFT
4,aliquot,CRAFT
4,alleviate,CRAFT
4,allied,CRAFT
4,alphabcrystallin,CRAFT
4,altering,CRAFT
4,altogether,CRAFT
4,alx4,CRAFT
4,amaurosis,CRAFT
4,ambulations,CRAFT
4,amnion,CRAFT
4,amplifications,CRAFT
4,amyloidosis,CRAFT
4,analog,CRAFT
4,anatomical,CRAFT
4,angles,CRAFT
4,ankles,CRAFT
4,anovas,CRAFT
4,answer,CRAFT
4,antagonize,CRAFT
4,antia,CRAFT
4,antibiotic,CRAFT
4,antiflag,CRAFT
4,apply,CRAFT
4,apseptum,CRAFT
4,aptt,CRAFT
4,aqp2gfp,CRAFT
4,aquaporin2,CRAFT
4,arc,CRAFT
4,archaeal,CRAFT
4,argued,CRAFT
4,arrestin,CRAFT
4,assaying,CRAFT
4,assumptions,CRAFT
4,atps,CRAFT
4,atrxnegative,CRAFT
4,atrxwtflox,CRAFT
4,attained,CRAFT
4,autoab,CRAFT
4,autopod,CRAFT
4,aware,CRAFT
4,awls,CRAFT
4,axes,CRAFT
4,deaf,CRAFT
4,declare,CRAFT
4,decondensation,CRAFT
4,dedicated,CRAFT
4,defines,CRAFT
4,definition,CRAFT
4,degenerating,CRAFT
4,dehydration,CRAFT
4,delays,CRAFT
4,deleterious,CRAFT
4,delineated,CRAFT
4,demarcate,CRAFT
4,denaturing,CRAFT
4,densitometry,CRAFT
4,dentate,CRAFT
4,deoxynucleotide,CRAFT
4,deoxynucleotidyl,CRAFT
4,depicts,CRAFT
4,deprivation,CRAFT
4,designing,CRAFT
4,destined,CRAFT
4,destruction,CRAFT
4,determinations,CRAFT
4,disappeared,CRAFT
4,discerned,CRAFT
4,disintegrin,CRAFT
4,disintegrinlike,CRAFT
4,dislocation,CRAFT
4,dismutase,CRAFT
4,disturbances,CRAFT
4,disturbed,CRAFT
4,illustrates,CRAFT
4,illustrating,CRAFT
4,immunocytochemical,CRAFT
4,immunoprecipitated,CRAFT
4,immunoprecipitates,CRAFT
4,immunoreactive,CRAFT
4,impair,CRAFT
4,imposed,CRAFT
4,improper,CRAFT
4,improvements,CRAFT
4,inactive,CRAFT
4,inadequate,CRAFT
4,inappropriately,CRAFT
4,incisors,CRAFT
4,infection,CRAFT
4,infiltrated,CRAFT
4,infinium,CRAFT
4,innervate,CRAFT
4,inositol,CRAFT
4,instances,CRAFT
4,instructional,CRAFT
4,insufficient,CRAFT
4,integrate,CRAFT
4,integrinmediated,CRAFT
4,intended,CRAFT
4,intensely,CRAFT
4,interacted,CRAFT
4,interbreeding,CRAFT
4,intercrossing,CRAFT
4,interfere,CRAFT
4,interfered,CRAFT
4,interferes,CRAFT
4,interlimb,CRAFT
4,interneurons,CRAFT
4,interstitial,CRAFT
4,intracisternal,CRAFT
4,intrafusal,CRAFT
4,intriguingly,CRAFT
4,introduces,CRAFT
4,introgressing,CRAFT
4,intronless,CRAFT
4,invertebrate,CRAFT
4,nodallacz,CRAFT
4,nominal,CRAFT
4,nonfluorescent,CRAFT
4,nonidet,CRAFT
4,normalize,CRAFT
4,noting,CRAFT
4,unappreciated,CRAFT
4,underneath,CRAFT
4,undeveloped,CRAFT
4,unilateral,CRAFT
4,unlinked,CRAFT
4,unmasked,CRAFT
4,unscented,CRAFT
4,unspecific,CRAFT
3,a1,CRAFT
3,aaaatpase,CRAFT
3,aac,CRAFT
3,abilities,CRAFT
3,abrink,CRAFT
3,acceptor,CRAFT
3,accessibility,CRAFT
3,accessions,CRAFT
3,accommodate,CRAFT
3,accompanying,CRAFT
3,accounted,CRAFT
3,acetone,CRAFT
3,acetyltransferases,CRAFT
3,acg,CRAFT
3,acknowledged,CRAFT
3,acromegaloid,CRAFT
3,acrylamide,CRAFT
3,activators,CRAFT
3,acutephase,CRAFT
3,acyltransferase,CRAFT
3,adam17,CRAFT
3,adam22cp,CRAFT
3,adherens,CRAFT
3,adhering,CRAFT
3,adhesive,CRAFT
3,administrative,CRAFT
3,adopted,CRAFT
3,adriamycin,CRAFT
3,advances,CRAFT
3,aeu,CRAFT
3,aeus,CRAFT
3,affection,CRAFT
3,affinitypurified,CRAFT
3,aforementioned,CRAFT
3,agaroseformaldehyde,CRAFT
3,agenesis,CRAFT
3,agonists,CRAFT
3,agree,CRAFT
3,aided,CRAFT
3,airway,CRAFT
3,ajl,CRAFT
3,akt,CRAFT
3,akxd28ty,CRAFT
3,align,CRAFT
3,alk3,CRAFT
3,alk5flox,CRAFT
3,alk5ko,CRAFT
3,alk5mediated,CRAFT
3,allelespecific,CRAFT
3,ambiguous,CRAFT
3,ambulate,CRAFT
3,amuscular,CRAFT
3,anaesthetized,CRAFT
3,analyse,CRAFT
3,analyzing,CRAFT
3,anatomicalhistological,CRAFT
3,anchored,CRAFT
3,andreas,CRAFT
3,andy,CRAFT
3,answered,CRAFT
3,antiapoptotic,CRAFT
3,antibodymediated,CRAFT
3,antiesg1,CRAFT
3,antigens,CRAFT
3,antigrb2,CRAFT
3,antihp1,CRAFT
3,antihpygo2,CRAFT
3,antihuman,CRAFT
3,antimcad,CRAFT
3,antimpygo1,CRAFT
3,antiptdsr,CRAFT
3,antirad51,CRAFT
3,antirat,CRAFT
3,antiscad,CRAFT
3,antisycp3,CRAFT
3,antitubulin,CRAFT
3,aplasia,CRAFT
3,apolipoprotein,CRAFT
3,applying,CRAFT
3,apposition,CRAFT
3,approaching,CRAFT
3,arabidopsis,CRAFT
3,arber,CRAFT
3,architectural,CRAFT
3,arisen,CRAFT
3,arranged,CRAFT
3,ask,CRAFT
3,asp132,CRAFT
3,asp718,CRAFT
3,assign,CRAFT
3,assume,CRAFT
3,atherosclerotic,CRAFT
3,atm,CRAFT
3,atmosphere,CRAFT
3,atr,CRAFT
3,atrxwty,CRAFT
3,atrxwtygata1cre,CRAFT
3,attaching,CRAFT
3,auchenes,CRAFT
3,australian,CRAFT
3,automatic,CRAFT
3,aversion,CRAFT
3,avertin,CRAFT
3,avoided,CRAFT
3,ay317773,CRAFT
3,ay317797,CRAFT
3,dec,CRAFT
3,decades,CRAFT
3,decalcified,CRAFT
3,decidua,CRAFT
3,decision,CRAFT
3,deeper,CRAFT
3,definite,CRAFT
3,deformability,CRAFT
3,degenerative,CRAFT
3,deglycosylation,CRAFT
3,deleter,CRAFT
3,demise,CRAFT
3,demonstrable,CRAFT
3,demonstration,CRAFT
3,dendrite,CRAFT
3,deplete,CRAFT
3,der,CRAFT
3,deregulated,CRAFT
3,deregulation,CRAFT
3,derivative,CRAFT
3,desaturase,CRAFT
3,describes,CRAFT
3,desired,CRAFT
3,desmoid,CRAFT
3,destabilization,CRAFT
3,detectably,CRAFT
3,detector,CRAFT
3,determinant,CRAFT
3,detoxification,CRAFT
3,disappearing,CRAFT
3,disassembly,CRAFT
3,diseaseassociated,CRAFT
3,dispase,CRAFT
3,dispersed,CRAFT
3,displaying,CRAFT
3,distantly,CRAFT
3,distended,CRAFT
3,distinguishes,CRAFT
3,disulfide,CRAFT
3,imagej,CRAFT
3,imbalance,CRAFT
3,imh,CRAFT
3,immobilized,CRAFT
3,immunocytological,CRAFT
3,impairing,CRAFT
3,impart,CRAFT
3,implementation,CRAFT
3,imported,CRAFT
3,importin,CRAFT
3,improves,CRAFT
3,inbreeding,CRAFT
3,incisionexcision,CRAFT
3,inclusions,CRAFT
3,incompatible,CRAFT
3,incompletely,CRAFT
3,incubations,CRAFT
3,infancy,CRAFT
3,infertile,CRAFT
3,infiltration,CRAFT
3,inflamed,CRAFT
3,inflation,CRAFT
3,ingest,CRAFT
3,inguinal,CRAFT
3,inherent,CRAFT
3,inherently,CRAFT
3,inheriting,CRAFT
3,initiator,CRAFT
3,injured,CRAFT
3,inkinjected,CRAFT
3,innervating,CRAFT
3,inosine,CRAFT
3,insect,CRAFT
3,insensitive,CRAFT
3,institut,CRAFT
3,instructive,CRAFT
3,integral,CRAFT
3,interactor,CRAFT
3,interdigitations,CRAFT
3,interhomolog,CRAFT
3,interleaved,CRAFT
3,interleukin6,CRAFT
3,intermated,CRAFT
3,intermittent,CRAFT
3,interphalangeal,CRAFT
3,interruption,CRAFT
3,interrupts,CRAFT
3,intestines,CRAFT
3,intramural,CRAFT
3,intrauterine,CRAFT
3,intricate,CRAFT
3,intrigued,CRAFT
3,introducing,CRAFT
3,introgressed,CRAFT
3,invade,CRAFT
3,iridocorneal,CRAFT
3,iron,CRAFT
3,irradiated,CRAFT
3,irrespective,CRAFT
3,nociceptive,CRAFT
3,nonagouti,CRAFT
3,noncellautonomous,CRAFT
3,noncoding,CRAFT
3,nondenaturing,CRAFT
3,nondiabetic,CRAFT
3,nonglycosylated,CRAFT
3,noninvasively,CRAFT
3,nonmammalian,CRAFT
3,nonmotile,CRAFT
3,nonobese,CRAFT
3,nonparametric,CRAFT
3,nonredundant,CRAFT
3,nonrewarded,CRAFT
3,nonsyndromic,CRAFT
3,noon,CRAFT
3,normalisation,CRAFT
3,nova,CRAFT
3,novartis,CRAFT
3,unbiased,CRAFT
3,uncertain,CRAFT
3,uncharacterized,CRAFT
3,undecalcified,CRAFT
3,undertaken,CRAFT
3,undisturbed,CRAFT
3,unidentified,CRAFT
3,unresolved,CRAFT
3,unrestricted,CRAFT
3,unscheduled,CRAFT
3,untransplanted,CRAFT
3,unusually,CRAFT
2,a405,CRAFT
2,a5,CRAFT
2,aa874645,CRAFT
2,aan,CRAFT
2,abbr,CRAFT
2,abca1,CRAFT
2,abd,CRAFT
2,ablated,CRAFT
2,aborted,CRAFT
2,abrogated,CRAFT
2,abrogates,CRAFT
2,abrupt,CRAFT
2,ac001252,CRAFT
2,acanthosis,CRAFT
2,acasp3stained,CRAFT
2,accelerates,CRAFT
2,acceleration,CRAFT
2,accepted,CRAFT
2,accumulates,CRAFT
2,accumulating,CRAFT
2,accuracy,CRAFT
2,ace,CRAFT
2,acetyltransferase,CRAFT
2,achieving,CRAFT
2,aciduria,CRAFT
2,acm2,CRAFT
2,acorresponding,CRAFT
2,acrosome,CRAFT
2,acted,CRAFT
2,activin,CRAFT
2,acylcarnitines,CRAFT
2,acylsubstrates,CRAFT
2,adam22null,CRAFT
2,adam2null,CRAFT
2,adam3null,CRAFT
2,adamproteins,CRAFT
2,adaptively,CRAFT
2,adder,CRAFT
2,adenine,CRAFT
2,adenoviral,CRAFT
2,adipic,CRAFT
2,adjustments,CRAFT
2,administrations,CRAFT
2,adopting,CRAFT
2,adoptive,CRAFT
2,adr,CRAFT
2,advance,CRAFT
2,advisory,CRAFT
2,aeb,CRAFT
2,aerobic,CRAFT
2,af202994,CRAFT
2,af216961,CRAFT
2,af216963,CRAFT
2,af216964,CRAFT
2,afa,CRAFT
2,ag3,CRAFT
2,agedependent,CRAFT
2,agedmatched,CRAFT
2,ageing,CRAFT
2,agesex,CRAFT
2,agn1,CRAFT
2,agreed,CRAFT
2,aguet,CRAFT
2,ai430291,CRAFT
2,aim,CRAFT
2,airdried,CRAFT
2,ajassociated,CRAFT
2,ajubas,CRAFT
2,akademie,CRAFT
2,akh,CRAFT
2,akin,CRAFT
2,alabama,CRAFT
2,alaninerich,CRAFT
2,aldehyde,CRAFT
2,alerting,CRAFT
2,alertness,CRAFT
2,algorithms,CRAFT
2,alk5floxflox,CRAFT
2,alk6,CRAFT
2,alkalinization,CRAFT
2,allantois,CRAFT
2,allelicnonallelic,CRAFT
2,alomone,CRAFT
2,alpha6,CRAFT
2,alphabko,CRAFT
2,alphafetoprotein,CRAFT
2,alternating,CRAFT
2,alzheimertype,CRAFT
2,ambion,CRAFT
2,ambulation,CRAFT
2,amedian,CRAFT
2,ameliorated,CRAFT
2,amelioration,CRAFT
2,amidation,CRAFT
2,amine,CRAFT
2,aminoacid,CRAFT
2,aminoterminal,CRAFT
2,aminotransferase,CRAFT
2,ammonium,CRAFT
2,amniotic,CRAFT
2,amphibians,CRAFT
2,amphioxus,CRAFT
2,amphotericin,CRAFT
2,amplicons,CRAFT
2,amplitaq,CRAFT
2,amresco,CRAFT
2,anaemic,CRAFT
2,analytical,CRAFT
2,anas,CRAFT
2,aneuploidy,CRAFT
2,angeles,CRAFT
2,angled,CRAFT
2,anhydride,CRAFT
2,anion,CRAFT
2,ankyloglossia,CRAFT
2,anlage,CRAFT
2,ann,CRAFT
2,annexina7,CRAFT
2,annexinpositive,CRAFT
2,annotation,CRAFT
2,annotations,CRAFT
2,anonymous,CRAFT
2,anopheles,CRAFT
2,anterograde,CRAFT
2,anthony,CRAFT
2,antiabcg5,CRAFT
2,antiactin,CRAFT
2,antiajuba,CRAFT
2,antiannexin,CRAFT
2,antiaqp2,CRAFT
2,antibodydependent,CRAFT
2,antibsep,CRAFT
2,anticalbindin,CRAFT
2,anticathepsin,CRAFT
2,antichicken,CRAFT
2,anticre,CRAFT
2,anticyclin,CRAFT
2,antiecadherin,CRAFT
2,antiegfp,CRAFT
2,antif480,CRAFT
2,antigenic,CRAFT
2,antigfapantibody,CRAFT
2,antikeratin,CRAFT
2,antiki67,CRAFT
2,antineu,CRAFT
2,antiphosphoh2ax,CRAFT
2,antipl1,CRAFT
2,antipmapk,CRAFT
2,antippar,CRAFT
2,antipv,CRAFT
2,antisinglestranded,CRAFT
2,antisterolin1,CRAFT
2,antitif1,CRAFT
2,antitransferrin,CRAFT
2,antitrip13,CRAFT
2,antitrka,CRAFT
2,antitrkc,CRAFT
2,anxa7mice,CRAFT
2,apcint13f2,CRAFT
2,apcsdeficient,CRAFT
2,apically,CRAFT
2,apochromat,CRAFT
2,apolarized,CRAFT
2,apolipoproteins,CRAFT
2,appa,CRAFT
2,appaplp,CRAFT
2,appendage,CRAFT
2,appetite,CRAFT
2,applicability,CRAFT
2,applications,CRAFT
2,appreciable,CRAFT
2,appreciated,CRAFT
2,approached,CRAFT
2,approximated,CRAFT
2,aprotinin,CRAFT
2,apseptal,CRAFT
2,apterous,CRAFT
2,aqp2r187c,CRAFT
2,aqp2wt,CRAFT
2,aquaporin,CRAFT
2,aquaporins,CRAFT
2,arborization,CRAFT
2,arend,CRAFT
2,arguing,CRAFT
2,arising,CRAFT
2,arkj,CRAFT
2,armadillo,CRAFT
2,arnt,CRAFT
2,arrayed,CRAFT
2,arrests,CRAFT
2,artefact,CRAFT
2,arthritisenhancing,CRAFT
2,arthritisrelated,CRAFT
2,articulate,CRAFT
2,articulations,CRAFT
2,arw,CRAFT
2,ascertained,CRAFT
2,asef,CRAFT
2,asn286,CRAFT
2,asp,CRAFT
2,assessing,CRAFT
2,assignment,CRAFT
2,associating,CRAFT
2,associational,CRAFT
2,assumes,CRAFT
2,asyet,CRAFT
2,asyetuncharacterised,CRAFT
2,asymmetrical,CRAFT
2,asynapsed,CRAFT
2,at1,CRAFT
2,athymic,CRAFT
2,atomic,CRAFT
2,atomicscale,CRAFT
2,atoms,CRAFT
2,atpbinding,CRAFT
2,atpdependent,CRAFT
2,atrial,CRAFT
2,atrioventricular,CRAFT
2,atrium,CRAFT
2,atrxfloxflox,CRAFT
2,atrxnully,CRAFT
2,atrxnullygata1cre,CRAFT
2,atrxwtnullgata1cre,CRAFT
2,atrxwtwt,CRAFT
2,attack,CRAFT
2,attain,CRAFT
2,attenuates,CRAFT
2,attract,CRAFT
2,attributes,CRAFT
2,auditory,CRAFT
2,augment,CRAFT
2,austin,CRAFT
2,autoantigens,CRAFT
2,autoclaved,CRAFT
2,autocleavage,CRAFT
2,autonomic,CRAFT
2,autophagosomes,CRAFT
2,autophagy,CRAFT
2,autoradiograms,CRAFT
2,autoradiography,CRAFT
2,autosomalrecessive,CRAFT
2,avian,CRAFT
2,avoidance,CRAFT
2,avoiding,CRAFT
2,await,CRAFT
2,awaits,CRAFT
2,awarded,CRAFT
2,awaves,CRAFT
2,awry,CRAFT
2,axin2,CRAFT
2,axioplan,CRAFT
2,axioplan2,CRAFT
2,ay458844,CRAFT
2,deacetylase,CRAFT
2,decapentaplegicrelated,CRAFT
2,decayaccelerating,CRAFT
2,decided,CRAFT
2,deciding,CRAFT
2,declined,CRAFT
2,declining,CRAFT
2,decompensation,CRAFT
2,decrement,CRAFT
2,default,CRAFT
2,definitively,CRAFT
2,deflection,CRAFT
2,deformed,CRAFT
2,degrade,CRAFT
2,dehydrogenases,CRAFT
2,dehydrogenate,CRAFT
2,dehydrogenation,CRAFT
2,del10,CRAFT
2,delc19,CRAFT
2,delc21,CRAFT
2,delc23,CRAFT
2,deletes,CRAFT
2,delineate,CRAFT
2,delineating,CRAFT
2,delocalization,CRAFT
2,demographic,CRAFT
2,dendrodendritic,CRAFT
2,denhardts,CRAFT
2,deoxyuridine,CRAFT
2,depended,CRAFT
2,deposit,CRAFT
2,depressed,CRAFT
2,deprived,CRAFT
2,derivation,CRAFT
2,derivedchorionic,CRAFT
2,descend,CRAFT
2,descendants,CRAFT
2,descended,CRAFT
2,descent,CRAFT
2,describing,CRAFT
2,descriptive,CRAFT
2,desert,CRAFT
2,desmopressin,CRAFT
2,destructive,CRAFT
2,desynapsis,CRAFT
2,detergent,CRAFT
2,detroit,CRAFT
2,deuterostome,CRAFT
2,devastating,CRAFT
2,deviated,CRAFT
2,devices,CRAFT
2,disaggregate,CRAFT
2,disaggregation,CRAFT
2,disappear,CRAFT
2,disc,CRAFT
2,discarded,CRAFT
2,discernable,CRAFT
2,discernible,CRAFT
2,disclosed,CRAFT
2,discrepancies,CRAFT
2,discriminationlearning,CRAFT
2,disodium,CRAFT
2,disoriented,CRAFT
2,disperse,CRAFT
2,disproportionate,CRAFT
2,distally,CRAFT
2,distress,CRAFT
2,ileus,CRAFT
2,illinois,CRAFT
2,illuminated,CRAFT
2,imagepro,CRAFT
2,imaginal,CRAFT
2,imidazole,CRAFT
2,immuno,CRAFT
2,immunoassay,CRAFT
2,immunogenic,CRAFT
2,immunoglobulin,CRAFT
2,immunohistochemically,CRAFT
2,immunopositive,CRAFT
2,immunosorbent,CRAFT
2,impacted,CRAFT
2,impairments,CRAFT
2,impractical,CRAFT
2,impregnation,CRAFT
2,improvision,CRAFT
2,inactivates,CRAFT
2,incentive,CRAFT
2,inclination,CRAFT
2,incoming,CRAFT
2,increment,CRAFT
2,incubator,CRAFT
2,incyte,CRAFT
2,indebted,CRAFT
2,indentation,CRAFT
2,india,CRAFT
2,indistinct,CRAFT
2,industries,CRAFT
2,inevitable,CRAFT
2,infant,CRAFT
2,infants,CRAFT
2,infertility,CRAFT
2,informatics,CRAFT
2,infrequently,CRAFT
2,ingestion,CRAFT
2,inh,CRAFT
2,inhalation,CRAFT
2,injecting,CRAFT
2,injuries,CRAFT
2,ino,CRAFT
2,inoculated,CRAFT
2,insects,CRAFT
2,insoluble,CRAFT
2,instant,CRAFT
2,instruction,CRAFT
2,instructs,CRAFT
2,insulinmediated,CRAFT
2,int,CRAFT
2,interactive,CRAFT
2,interactors,CRAFT
2,interconnected,CRAFT
2,interdigitally,CRAFT
2,intermarker,CRAFT
2,intermingling,CRAFT
2,internalization,CRAFT
2,internalized,CRAFT
2,interpret,CRAFT
2,interpretable,CRAFT
2,interpreting,CRAFT
2,intersample,CRAFT
2,intersecting,CRAFT
2,intersister,CRAFT
2,interventions,CRAFT
2,intervertebral,CRAFT
2,interwoven,CRAFT
2,intracardiac,CRAFT
2,intraganglionic,CRAFT
2,intramuscular,CRAFT
2,intrastrial,CRAFT
2,intrinsically,CRAFT
2,invaluable,CRAFT
2,invariably,CRAFT
2,invariant,CRAFT
2,inverse,CRAFT
2,invertebrates,CRAFT
2,ireshplap,CRAFT
2,ireslaczneo,CRAFT
2,irreversible,CRAFT
2,irvine,CRAFT
2,nogginconditioned,CRAFT
2,noguchi,CRAFT
2,nonarthritic,CRAFT
2,nonautonomous,CRAFT
2,noncanonical,CRAFT
2,noncompetitive,CRAFT
2,noncrossover,CRAFT
2,nonessential,CRAFT
2,nonhebbian,CRAFT
2,noninflammatory,CRAFT
2,noninteractor,CRAFT
2,nonphotoreceptor,CRAFT
2,nonprofessional,CRAFT
2,nonprogressive,CRAFT
2,nonproteaseadams,CRAFT
2,nonradioactive,CRAFT
2,nonrandom,CRAFT
2,nonsensemediated,CRAFT
2,nonsensory,CRAFT
2,nonstress,CRAFT
2,nonsuppressed,CRAFT
2,nonsynonomous,CRAFT
2,nonsynonymous,CRAFT
2,normalised,CRAFT
2,normalizing,CRAFT
2,north,CRAFT
2,nose,CRAFT
2,notch1,CRAFT
2,noticed,CRAFT
2,november,CRAFT
2,unambiguous,CRAFT
2,uncommon,CRAFT
2,uncoordinated,CRAFT
2,uncoupled,CRAFT
2,uncover,CRAFT
2,uncovered,CRAFT
2,uncut,CRAFT
2,undefined,CRAFT
2,underline,CRAFT
2,underlined,CRAFT
2,underrepresented,CRAFT
2,underscore,CRAFT
2,underscores,CRAFT
2,undesired,CRAFT
2,undetermined,CRAFT
2,undulations,CRAFT
2,unedited,CRAFT
2,unequivocally,CRAFT
2,unesterified,CRAFT
2,ung,CRAFT
2,unhidden,CRAFT
2,union,CRAFT
2,universally,CRAFT
2,unmapped,CRAFT
2,unperturbed,CRAFT
2,unphagocytosed,CRAFT
2,unreinforced,CRAFT
2,unresponsive,CRAFT
2,unstained,CRAFT
2,unstimulated,CRAFT
2,unstressed,CRAFT
2,untrue,CRAFT
1,a1128,CRAFT
1,a116,CRAFT
1,a23187,CRAFT
1,a2547,CRAFT
1,a259e,CRAFT
1,a300006,CRAFT
1,a61368,CRAFT
1,a7positive,CRAFT
1,a7s,CRAFT
1,a7stain,CRAFT
1,aa034669,CRAFT
1,aa10422,CRAFT
1,aaaaaaaaa,CRAFT
1,aaaaagcaggctggatgatggtgaccctcgtga3,CRAFT
1,aaalac,CRAFT
1,aacttcctccagcccatttt,CRAFT
1,aaeb,CRAFT
1,aaf19646,CRAFT
1,aaf33142,CRAFT
1,aaf52099,CRAFT
1,aagatgacgaggagaattattcaagaga,CRAFT
1,aagcgtgcctcatctccatccctaag,CRAFT
1,aagcttgctctctggattccatttgtag,CRAFT
1,aagcttgctgctctggattccatttgtag,CRAFT
1,aagcttggcttagtcccagtggc,CRAFT
1,aagcttggctttagtcccagtgggc,CRAFT
1,aaggtatttggtgctccgaggg,CRAFT
1,aagtgagagagcaggatggaccac,CRAFT
1,aah58391,CRAFT
1,aak77203,CRAFT
1,aao62629,CRAFT
1,aao62630,CRAFT
1,aap44513,CRAFT
1,aaq97980,CRAFT
1,aatgaaaaaaaaaaaagtaagattgaaag,CRAFT
1,aatii,CRAFT
1,ab10478,CRAFT
1,ab12452,CRAFT
1,ab1288,CRAFT
1,ab5407,CRAFT
1,ab6276,CRAFT
1,ab822750,CRAFT
1,ab9106100,CRAFT
1,abandoned,CRAFT
1,abbott,CRAFT
1,abcb11,CRAFT
1,abcg5deficient,CRAFT
1,abctransporters,CRAFT
1,abdomen,CRAFT
1,abefghikl,CRAFT
1,aberrations,CRAFT
1,abi,CRAFT
1,abi3730xp,CRAFT
1,abi377,CRAFT
1,abis,CRAFT
1,abl93,CRAFT
1,ablates,CRAFT
1,ablations,CRAFT
1,abnomally,CRAFT
1,abolishes,CRAFT
1,abolishing,CRAFT
1,abolishment,CRAFT
1,aborting,CRAFT
1,abou,CRAFT
1,abraham,CRAFT
1,abrogate,CRAFT
1,absorbance,CRAFT
1,absorbs,CRAFT
1,abutting,CRAFT
1,abx,CRAFT
1,ac079544,CRAFT
1,ac0795441,CRAFT
1,ac084323,CRAFT
1,ac087150,CRAFT
1,ac087153,CRAFT
1,ac091694,CRAFT
1,ac3,CRAFT
1,acadmtmuab1,CRAFT
1,acadmtmuab1tm1uab,CRAFT
1,acasp3positive,CRAFT
1,acatctgctggaaggtggac,CRAFT
1,accelerating,CRAFT
1,accelerator,CRAFT
1,accelrys,CRAFT
1,accentuated,CRAFT
1,acceptors,CRAFT
1,acclimated,CRAFT
1,acclimation,CRAFT
1,acclimatized,CRAFT
1,accommodated,CRAFT
1,accommodating,CRAFT
1,accompany,CRAFT
1,accords,CRAFT
1,accreditation,CRAFT
1,accrue,CRAFT
1,accrued,CRAFT
1,accuscan,CRAFT
1,accustomed,CRAFT
1,acdp1immunoreactivity,CRAFT
1,acellular,CRAFT
1,acetoacetic,CRAFT
1,acetonemethanol,CRAFT
1,acetyl,CRAFT
1,acetylase,CRAFT
1,acetylation,CRAFT
1,acetylcholinesterase,CRAFT
1,acetylthiocholine,CRAFT
1,acgcaccaggaagctaaaga,CRAFT
1,achevalues,CRAFT
1,achiasmate,CRAFT
1,achieves,CRAFT
1,achlorhydric,CRAFT
1,acida,CRAFT
1,acidaemia,CRAFT
1,acidalcoholformalin,CRAFT
1,acidcontaining,CRAFT
1,acidextension,CRAFT
1,acidfree,CRAFT
1,acidified,CRAFT
1,acidschiff,CRAFT
1,acidtreated,CRAFT
1,acidwater,CRAFT
1,ackerman,CRAFT
1,acknowledgments,CRAFT
1,aclam,CRAFT
1,acoustic,CRAFT
1,acqknowledge,CRAFT
1,acrylic,CRAFT
1,acteylated,CRAFT
1,actinbased,CRAFT
1,actinbundling,CRAFT
1,actincre,CRAFT
1,actincrosslinking,CRAFT
1,actinf,CRAFT
1,actinr,CRAFT
1,activationdifferentiation,CRAFT
1,activesite,CRAFT
1,activitydependent,CRAFT
1,activitylevel,CRAFT
1,activitymonitoring,CRAFT
1,actrii,CRAFT
1,actriib,CRAFT
1,acuity,CRAFT
1,acuson,CRAFT
1,adam10,CRAFT
1,adam11defieient,CRAFT
1,adam12,CRAFT
1,adam15,CRAFT
1,adam17null,CRAFT
1,adam19,CRAFT
1,adam2,CRAFT
1,adam22s,CRAFT
1,adam22specific,CRAFT
1,adam23null,CRAFT
1,adam3,CRAFT
1,adam8,CRAFT
1,adam9,CRAFT
1,adaptability,CRAFT
1,adaptable,CRAFT
1,adaptor,CRAFT
1,additively,CRAFT
1,adduct,CRAFT
1,adducts,CRAFT
1,adear,CRAFT
1,adenoma,CRAFT
1,adenovirusmediated,CRAFT
1,adequately,CRAFT
1,adg,CRAFT
1,adhami,CRAFT
1,adhd,CRAFT
1,adhere,CRAFT
1,adherence,CRAFT
1,adherent,CRAFT
1,adhesions,CRAFT
1,adhesiveness,CRAFT
1,adiposespecific,CRAFT
1,adjustable,CRAFT
1,adjusting,CRAFT
1,adlumenal,CRAFT
1,adluminal,CRAFT
1,adominantarecessive,CRAFT
1,adopt,CRAFT
1,adopts,CRAFT
1,adp,CRAFT
1,adpgc1,CRAFT
1,adulterated,CRAFT
1,adultonset,CRAFT
1,aec,CRAFT
1,aem,CRAFT
1,aequorea,CRAFT
1,aequoria,CRAFT
1,aerated,CRAFT
1,aerspecific,CRAFT
1,af001465,CRAFT
1,af013282,CRAFT
1,af041822,CRAFT
1,af287270,CRAFT
1,af302010,CRAFT
1,af306666,CRAFT
1,af335420,CRAFT
1,af497625,CRAFT
1,affigel,CRAFT
1,affiliate,CRAFT
1,afflicted,CRAFT
1,afforded,CRAFT
1,affords,CRAFT
1,afold,CRAFT
1,afr,CRAFT
1,african,CRAFT
1,afterload,CRAFT
1,aftertask,CRAFT
1,afterward,CRAFT
1,afterwards,CRAFT
1,ag00665616,CRAFT
1,ag015453,CRAFT
1,ag1724202,CRAFT
1,ag24844,CRAFT
1,ag2614401,CRAFT
1,agaaagctgggtctgcatccaggtcggagaca3,CRAFT
1,agactctttagtgagcattttcaac,CRAFT
1,agametic,CRAFT
1,agar,CRAFT
1,agarosegel,CRAFT
1,agatct,CRAFT
1,agattcagtaagctgagcctggtg,CRAFT
1,agcaacgaaaacgaaactgg,CRAFT
1,agcccaatttccacaacttc,CRAFT
1,agccccagaggacaattttt,CRAFT
1,ageinduced,CRAFT
1,ageingassociated,CRAFT
1,ageingrelated,CRAFT
1,agematching,CRAFT
1,agencies,CRAFT
1,aggcctccaataagttctgggtacc,CRAFT
1,aggrecan,CRAFT
1,aggregations,CRAFT
1,aggregometry,CRAFT
1,aggutinin,CRAFT
1,agitation,CRAFT
1,agn2,CRAFT
1,ago514620,CRAFT
1,agriculture,CRAFT
1,agtgctgtttctatgagtcaac,CRAFT
1,agtttgaaatagcgacgagtttgag,CRAFT
1,ah011511,CRAFT
1,ah011518,CRAFT
1,ah109,CRAFT
1,ahaf,CRAFT
1,ahe,CRAFT
1,ahead,CRAFT
1,ahn,CRAFT
1,ahp,CRAFT
1,ahp235,CRAFT
1,ahp29,CRAFT
1,ahrendsburg,CRAFT
1,ai39211,CRAFT
1,ai429558,CRAFT
1,aidentified,CRAFT
1,aii,CRAFT
1,aipl1,CRAFT
1,air5,CRAFT
1,airdrying,CRAFT
1,airflow,CRAFT
1,ajh,CRAFT
1,ajhs,CRAFT
1,ajubatransfected,CRAFT
1,ak016477,CRAFT
1,akr,CRAFT
1,aktpakt,CRAFT
1,al1999,CRAFT
1,al594774,CRAFT
1,alani,CRAFT
1,alar,CRAFT
1,alba,CRAFT
1,albrecht,CRAFT
1,aldan,CRAFT
1,aldehydefuchsin,CRAFT
1,aldh1a7,CRAFT
1,aldrich,CRAFT
1,alert,CRAFT
1,alex,CRAFT
1,alexafluor488conjugated,CRAFT
1,algilent,CRAFT
1,alicyclobacillus,CRAFT
1,alignable,CRAFT
1,alk2flox,CRAFT
1,alk2fxfx,CRAFT
1,alk2mediated,CRAFT
1,alk5deficient,CRAFT
1,alk5floxfloxr26r,CRAFT
1,alk5fxfxmice,CRAFT
1,alk5koalk2kownt1cre,CRAFT
1,alk5kowtwnt1cre,CRAFT
1,alk5tgfrii,CRAFT
1,allelism,CRAFT
1,alleviates,CRAFT
1,alley,CRAFT
1,alliance,CRAFT
1,allogeneic,CRAFT
1,alloisoleucine,CRAFT
1,allornone,CRAFT
1,alluded,CRAFT
1,alma,CRAFT
1,alongside,CRAFT
1,alpha3,CRAFT
1,alpha34,CRAFT
1,alphaacrystallin,CRAFT
1,alphaactinin,CRAFT
1,alphaako,CRAFT
1,alphaako127,CRAFT
1,alphabko168,CRAFT
1,alphacrystallins,CRAFT
1,alphanaphthyl,CRAFT
1,alphav,CRAFT
1,alpro,CRAFT
1,alternatives,CRAFT
1,aluminum,CRAFT
1,amacrinelike,CRAFT
1,amantana,CRAFT
1,amatruda,CRAFT
1,ambient,CRAFT
1,ambystoma,CRAFT
1,amcad,CRAFT
1,amean,CRAFT
1,ameloblasts,CRAFT
1,aminoallylarna,CRAFT
1,ammonia,CRAFT
1,ammons,CRAFT
1,amnions,CRAFT
1,amoebae,CRAFT
1,amounted,CRAFT
1,ampardependent,CRAFT
1,amparmediated,CRAFT
1,amperase,CRAFT
1,amphibian,CRAFT
1,amphiphilic,CRAFT
1,ample,CRAFT
1,amplicycle,CRAFT
1,amplifying,CRAFT
1,amply,CRAFT
1,ampulla,CRAFT
1,ampullae,CRAFT
1,ampullaris,CRAFT
1,amputated,CRAFT
1,amsterdam,CRAFT
1,amsterdams,CRAFT
1,amt,CRAFT
1,amuscularization,CRAFT
1,amyloidassociated,CRAFT
1,amyloidlowering,CRAFT
1,anabolic,CRAFT
1,anaemia,CRAFT
1,anaerobic,CRAFT
1,anaesthetic,CRAFT
1,anagen,CRAFT
1,analogously,CRAFT
1,analogs,CRAFT
1,analogue,CRAFT
1,analyser,CRAFT
1,analysing,CRAFT
1,analyst,CRAFT
1,anatole,CRAFT
1,ancestors,CRAFT
1,anchor,CRAFT
1,anchors,CRAFT
1,and1615del10,CRAFT
1,andi,CRAFT
1,andras,CRAFT
1,andre,CRAFT
1,andrea,CRAFT
1,andrew,CRAFT
1,androgens,CRAFT
1,anemic,CRAFT
1,anemone,CRAFT
1,anesthetics,CRAFT
1,anesthetization,CRAFT
1,angelholm,CRAFT
1,angiogenic,CRAFT
1,angiotensinderived,CRAFT
1,angloceltic,CRAFT
1,animalwide,CRAFT
1,anklebone,CRAFT
1,anlagen,CRAFT
1,annealingextension,CRAFT
1,annette,CRAFT
1,annexina5,CRAFT
1,annexina7positive,CRAFT
1,annotator,CRAFT
1,anog,CRAFT
1,anomalous,CRAFT
1,anonmembranebound,CRAFT
1,anophthalmic,CRAFT
1,ansd,CRAFT
1,antagonizes,CRAFT
1,antagonizing,CRAFT
1,antemortem,CRAFT
1,anteroposterior,CRAFT
1,anthozoan,CRAFT
1,anti4,CRAFT
1,antiacasp3,CRAFT
1,antiacdp,CRAFT
1,antiacdp1,CRAFT
1,antiacetylated,CRAFT
1,antiadam11,CRAFT
1,antiadam22cp,CRAFT
1,antialpha,CRAFT
1,antiannexina7,CRAFT
1,antiaqp3,CRAFT
1,antiar,CRAFT
1,antibattenin,CRAFT
1,antibc7,CRAFT
1,antibiotics,CRAFT
1,antibioticsantimycotics,CRAFT
1,antiblue,CRAFT
1,antibodes,CRAFT
1,antibodyagarose,CRAFT
1,antibodyantigen,CRAFT
1,antibodybound,CRAFT
1,antibodyresponsiveness,CRAFT
1,antibrn3a,CRAFT
1,anticalb1,CRAFT
1,anticalnexin,CRAFT
1,anticalretinin,CRAFT
1,anticaspase3,CRAFT
1,anticat,CRAFT
1,anticdk4,CRAFT
1,anticgrp,CRAFT
1,anticipate,CRAFT
1,anticited1,CRAFT
1,anticmyc,CRAFT
1,anticoagulated,CRAFT
1,anticollagen,CRAFT
1,anticonnexin,CRAFT
1,antidig,CRAFT
1,antidiuretic,CRAFT
1,antidoublestranded,CRAFT
1,antiecad,CRAFT
1,antiemerin,CRAFT
1,antier81,CRAFT
1,antigata1,CRAFT
1,antigata4,CRAFT
1,antigen1,CRAFT
1,antigenicity,CRAFT
1,antigfap,CRAFT
1,antigfp,CRAFT
1,antiglial,CRAFT
1,antiglurb,CRAFT
1,antigmp1sumo1,CRAFT
1,antih2ax,CRAFT
1,antih32mek9,CRAFT
1,antih33mek9,CRAFT
1,antih3k9me3,CRAFT
1,antih4k20me3,CRAFT
1,antihki,CRAFT
1,antiinflammatories,CRAFT
1,antiisl1,CRAFT
1,antik1,CRAFT
1,antik5,CRAFT
1,antikcne1,CRAFT
1,antikcnj10,CRAFT
1,antikcnq1,CRAFT
1,antilacz,CRAFT
1,antilaminin,CRAFT
1,antilap2,CRAFT
1,antimbp,CRAFT
1,antimlh3,CRAFT
1,antimouseigg,CRAFT
1,antimullerian,CRAFT
1,antinakatpase,CRAFT
1,antineurofilament,CRAFT
1,antinfm,CRAFT
1,antinmyc,CRAFT
1,antint3,CRAFT
1,antioct34,CRAFT
1,antipcad,CRAFT
1,antipcna,CRAFT
1,antipea3,CRAFT
1,antipecam,CRAFT
1,antipendrin,CRAFT
1,antipeptide,CRAFT
1,antipgc1,CRAFT
1,antiph3,CRAFT
1,antiphosphohistone,CRAFT
1,antiphosphohistoneh3,CRAFT
1,antiphosphorylated,CRAFT
1,antiphosphorylatedsox9,CRAFT
1,antiphotobleach,CRAFT
1,antipml,CRAFT
1,antirabbithrp,CRAFT
1,antiranbp2nup153nup62,CRAFT
1,antirbmy,CRAFT
1,antirec8,CRAFT
1,antirhodamine,CRAFT
1,antirhodopsin,CRAFT
1,antirunx3,CRAFT
1,antis100,CRAFT
1,antiscp3,CRAFT
1,antishhn19,CRAFT
1,antishortchain,CRAFT
1,antislc12a2,CRAFT
1,antisma,CRAFT
1,antisorcin,CRAFT
1,antisox9,CRAFT
1,antistag3,CRAFT
1,antisubunit,CRAFT
1,antisuperoxide,CRAFT
1,antisycp1,CRAFT
1,antitgf2,CRAFT
1,antitra369,CRAFT
1,antitra98,CRAFT
1,antitragus,CRAFT
1,antiubiquitin,CRAFT
1,antiubitquitin,CRAFT
1,antiuvomorulin,CRAFT
1,antivglut1,CRAFT
1,antiwt1,CRAFT
1,antizo1,CRAFT
1,antwerp,CRAFT
1,anxa2,CRAFT
1,anxa2p11,CRAFT
1,anxa7mouse,CRAFT
1,anxa7platelets,CRAFT
1,anxa7red,CRAFT
1,anxiety,CRAFT
1,anymore,CRAFT
1,anywhere,CRAFT
1,aonly,CRAFT
1,aorsin,CRAFT
1,aortagonadmesonephros,CRAFT
1,apaf1knockout,CRAFT
1,apai,CRAFT
1,apccko580,CRAFT
1,apcf546,CRAFT
1,apcint13r2,CRAFT
1,apcint14r4,CRAFT
1,apcr721,CRAFT
1,apcsmice,CRAFT
1,apes,CRAFT
1,apicallyexpressed,CRAFT
1,aplp,CRAFT
1,aplps,CRAFT
1,apnea,CRAFT
1,apoai,CRAFT
1,apoaiv,CRAFT
1,apob,CRAFT
1,apoptag,CRAFT
1,apoptosisindependent,CRAFT
1,app695swedishindiana,CRAFT
1,app695sweind,CRAFT
1,appcterminal,CRAFT
1,appealing,CRAFT
1,appearances,CRAFT
1,applies,CRAFT
1,appositioned,CRAFT
1,appreciate,CRAFT
1,approval,CRAFT
1,approximation,CRAFT
1,appswe,CRAFT
1,apriori,CRAFT
1,apseptation,CRAFT
1,apte,CRAFT
1,apv,CRAFT
1,aqp1,CRAFT
1,aqp1aqp3,CRAFT
1,aqp2f204f204v,CRAFT
1,aqp2p262l,CRAFT
1,aqp2t126m,CRAFT
1,aqp2t126mt126m,CRAFT
1,aqpnumber,CRAFT
1,aquamount,CRAFT
1,aquaporinnumber,CRAFT
1,aqueduct,CRAFT
1,arabic,CRAFT
1,arabinoside,CRAFT
1,arbitrarily,CRAFT
1,arbor,CRAFT
1,arborized,CRAFT
1,archaea,CRAFT
1,archea,CRAFT
1,archived,CRAFT
1,arcs,CRAFT
1,arealisation,CRAFT
1,areasmouse,CRAFT
1,arecessiveadominant,CRAFT
1,arg179,CRAFT
1,arg252,CRAFT
1,argentaro,CRAFT
1,argininosuccinate,CRAFT
1,argon,CRAFT
1,argonkrypton,CRAFT
1,arguably,CRAFT
1,arhgef4,CRAFT
1,aristalessrelated,CRAFT
1,arithmetic,CRAFT
1,arkell,CRAFT
1,arms,CRAFT
1,arrangement,CRAFT
1,arrayexpress,CRAFT
1,arresting,CRAFT
1,arrhythmias,CRAFT
1,arrive,CRAFT
1,arrived,CRAFT
1,artemis,CRAFT
1,arthopod,CRAFT
1,arthralgias,CRAFT
1,arthritisessential,CRAFT
1,articles,CRAFT
1,artifact,CRAFT
1,artifactual,CRAFT
1,artificially,CRAFT
1,artriosus,CRAFT
1,arur,CRAFT
1,arvo,CRAFT
1,asap,CRAFT
1,ascertainment,CRAFT
1,ascribe,CRAFT
1,ascus,CRAFT
1,asei,CRAFT
1,aset,CRAFT
1,ashkenazi,CRAFT
1,ashland,CRAFT
1,asp165,CRAFT
1,asp169,CRAFT
1,asp179,CRAFT
1,asparagine,CRAFT
1,aspargval,CRAFT
1,aspartic,CRAFT
1,aspecific,CRAFT
1,assemblies,CRAFT
1,assembling,CRAFT
1,assessments,CRAFT
1,assimilation,CRAFT
1,assistant,CRAFT
1,assortment,CRAFT
1,asterix,CRAFT
1,astrocytespecific,CRAFT
1,asuggestive,CRAFT
1,asyetunidentified,CRAFT
1,asymptomatic,CRAFT
1,asynchronous,CRAFT
1,atafter,CRAFT
1,atargeted,CRAFT
1,ataxic,CRAFT
1,atelectasis,CRAFT
1,atggaaaaaaaaaagtaagattgaaag,CRAFT
1,athanogene,CRAFT
1,atomique,CRAFT
1,atp11b,CRAFT
1,atp2b1,CRAFT
1,atp5a1f,CRAFT
1,atp5a1r,CRAFT
1,atpasedependent,CRAFT
1,atpasehelicase,CRAFT
1,atria,CRAFT
1,atrich,CRAFT
1,atrioventricularcanaltype,CRAFT
1,atrophy,CRAFT
1,atrx18,CRAFT
1,atrx18neoy,CRAFT
1,atrxdaxx,CRAFT
1,atrxfloxy,CRAFT
1,atrxwtwtgata1cre,CRAFT
1,att,CRAFT
1,attach,CRAFT
1,attachment,CRAFT
1,attachments,CRAFT
1,attains,CRAFT
1,attentional,CRAFT
1,attentionalshift,CRAFT
1,attenuate,CRAFT
1,attenuation,CRAFT
1,attracting,CRAFT
1,attraction,CRAFT
1,attribute,CRAFT
1,attributing,CRAFT
1,atttccaatgacttccgggac,CRAFT
1,atzberger,CRAFT
1,au,CRAFT
1,augmented,CRAFT
1,august,CRAFT
1,aupd,CRAFT
1,authorities,CRAFT
1,autoantibodies,CRAFT
1,autoclavable,CRAFT
1,autocleaved,CRAFT
1,autofluorescencesubunit,CRAFT
1,autoinhibition,CRAFT
1,autolysosomes,CRAFT
1,automatically,CRAFT
1,autonomous,CRAFT
1,autophagic,CRAFT
1,autophagosome,CRAFT
1,autopods,CRAFT
1,autoradiograph,CRAFT
1,autoradiographed,CRAFT
1,autoradiographic,CRAFT
1,autoregulation,CRAFT
1,autosomaldominant,CRAFT
1,av,CRAFT
1,avenosterol,CRAFT
1,aversive,CRAFT
1,avidly,CRAFT
1,avoids,CRAFT
1,avpindependent,CRAFT
1,avpr2deficient,CRAFT
1,avpresponsive,CRAFT
1,awat,CRAFT
1,axb,CRAFT
1,axel,CRAFT
1,axiallateral,CRAFT
1,axially,CRAFT
1,axin,CRAFT
1,axioncam,CRAFT
1,axiovert,CRAFT
1,axiovison,CRAFT
1,axolotl,CRAFT
1,ay161270,CRAFT
1,ay170618,CRAFT
1,ay177410,CRAFT
1,ay177411,CRAFT
1,ay177412,CRAFT
1,ay177413,CRAFT
1,ay317244ay318733,CRAFT
1,ay317681,CRAFT
1,ay317698,CRAFT
1,ay317700,CRAFT
1,ay317767,CRAFT
1,ay317774,CRAFT
1,ay317923,CRAFT
1,ay318107,CRAFT
1,ay318644,CRAFT
1,ay318726mor28,CRAFT
1,ay318727mor10,CRAFT
1,ay598453,CRAFT
1,ay598454,CRAFT
1,ay59853,CRAFT
1,ayala,CRAFT
1,azhar,CRAFT
1,azim,CRAFT
1,de013085,CRAFT
1,de07734,CRAFT
1,de11697,CRAFT
1,de16140,CRAFT
1,deacetylases,CRAFT
1,deactivate,CRAFT
1,deactivates,CRAFT
1,deadend,CRAFT
1,deafborn,CRAFT
1,dealt,CRAFT
1,deanna,CRAFT
1,dearth,CRAFT
1,deb,CRAFT
1,debate,CRAFT
1,debbie,CRAFT
1,debby,CRAFT
1,debilitating,CRAFT
1,decapitated,CRAFT
1,decapitation,CRAFT
1,decarboxylase,CRAFT
1,decarboxylation,CRAFT
1,deceased,CRAFT
1,decenoylcarnitine,CRAFT
1,deciduum,CRAFT
1,decipher,CRAFT
1,declaration,CRAFT
1,deconstructed,CRAFT
1,deconvoluted,CRAFT
1,deconvolution,CRAFT
1,deconvolved,CRAFT
1,decoration,CRAFT
1,decoupled,CRAFT
1,dedham,CRAFT
1,dedication,CRAFT
1,deemed,CRAFT
1,deepview,CRAFT
1,deer,CRAFT
1,deerfield,CRAFT
1,defectdifference,CRAFT
1,defensins,CRAFT
1,definedwith,CRAFT
1,definitely,CRAFT
1,deformation,CRAFT
1,deformity,CRAFT
1,degenerated,CRAFT
1,degenerates,CRAFT
1,degenstein,CRAFT
1,dehydrocholesterol,CRAFT
1,deionized,CRAFT
1,deiters,CRAFT
1,delaminate,CRAFT
1,delaware,CRAFT
1,deletionspecific,CRAFT
1,delia,CRAFT
1,delimit,CRAFT
1,delivered,CRAFT
1,deliveries,CRAFT
1,delta,CRAFT
1,deltavision,CRAFT
1,demand,CRAFT
1,demarcates,CRAFT
1,dementia,CRAFT
1,demyelination,CRAFT
1,denaturating,CRAFT
1,dendritic,CRAFT
1,dendritictreelike,CRAFT
1,denmark,CRAFT
1,denominator,CRAFT
1,denotation,CRAFT
1,densitometer,CRAFT
1,denville,CRAFT
1,deoxynucleotidyltransferasemediated,CRAFT
1,deparaffination,CRAFT
1,deparaffinization,CRAFT
1,deparaffinzed,CRAFT
1,deparafinized,CRAFT
1,depeters,CRAFT
1,dephosphorylation,CRAFT
1,depiction,CRAFT
1,depigmentation,CRAFT
1,depolarization,CRAFT
1,depolymerization,CRAFT
1,depoprovera,CRAFT
1,depress,CRAFT
1,depressant,CRAFT
1,depressing,CRAFT
1,depth,CRAFT
1,depths,CRAFT
1,derangement,CRAFT
1,derivates,CRAFT
1,derivativest,CRAFT
1,derivatized,CRAFT
1,deriving,CRAFT
1,dermalepidermal,CRAFT
1,dermatomal,CRAFT
1,dermatome,CRAFT
1,dermomyotome,CRAFT
1,descendant,CRAFT
1,designation,CRAFT
1,designations,CRAFT
1,desirable,CRAFT
1,desist,CRAFT
1,desmond,CRAFT
1,desmosterol,CRAFT
1,desmosterolosis,CRAFT
1,destabilising,CRAFT
1,destroy,CRAFT
1,destroyed,CRAFT
1,destroying,CRAFT
1,destruct,CRAFT
1,desynapse,CRAFT
1,desynapsed,CRAFT
1,detached,CRAFT
1,detectability,CRAFT
1,detectors,CRAFT
1,deterministic,CRAFT
1,detoxify,CRAFT
1,detoxifying,CRAFT
1,detrich,CRAFT
1,detrimental,CRAFT
1,deuterostomia,CRAFT
1,deutsche,CRAFT
1,deutschland,CRAFT
1,developer,CRAFT
1,dewulf,CRAFT
1,disabling,CRAFT
1,disadvantage,CRAFT
1,disaggregated,CRAFT
1,disappearance,CRAFT
1,disassembles,CRAFT
1,discerning,CRAFT
1,discharge,CRAFT
1,discoid,CRAFT
1,discoideum,CRAFT
1,discontinuity,CRAFT
1,discontinuous,CRAFT
1,discoordination,CRAFT
1,discordance,CRAFT
1,discordant,CRAFT
1,discosoma,CRAFT
1,discostoma,CRAFT
1,discount,CRAFT
1,discounted,CRAFT
1,discover,CRAFT
1,discovering,CRAFT
1,discretion,CRAFT
1,discriminability,CRAFT
1,discriminated,CRAFT
1,discriminationassociative,CRAFT
1,discriminationrelated,CRAFT
1,discuss,CRAFT
1,diseasecontrolling,CRAFT
1,diseaselike,CRAFT
1,diseasemodifying,CRAFT
1,diseaserelated,CRAFT
1,diseasesegregating,CRAFT
1,diseasesusceptibility,CRAFT
1,disequilibrium,CRAFT
1,disjoined,CRAFT
1,disks,CRAFT
1,disordered,CRAFT
1,disorganised,CRAFT
1,disparate,CRAFT
1,disparities,CRAFT
1,disparity,CRAFT
1,displaces,CRAFT
1,displaybased,CRAFT
1,disposal,CRAFT
1,disputed,CRAFT
1,dissimilar,CRAFT
1,dissociate,CRAFT
1,dissociates,CRAFT
1,dissolution,CRAFT
1,dissolve,CRAFT
1,distinctions,CRAFT
1,distorted,CRAFT
1,distributes,CRAFT
1,disturbs,CRAFT
1,il22,CRAFT
1,il6,CRAFT
1,il8,CRAFT
1,ilike,CRAFT
1,illness,CRAFT
1,illnesses,CRAFT
1,illuminating,CRAFT
1,illumination,CRAFT
1,illustration,CRAFT
1,illustrator,CRAFT
1,ilona,CRAFT
1,im5,CRAFT
1,image606689,CRAFT
1,imagequant,CRAFT
1,imagine,CRAFT
1,immatureform,CRAFT
1,immaturity,CRAFT
1,immensely,CRAFT
1,immobilize,CRAFT
1,immobilizing,CRAFT
1,immortalization,CRAFT
1,immunesuppressive,CRAFT
1,immunised,CRAFT
1,immunize,CRAFT
1,immunized,CRAFT
1,immunobiological,CRAFT
1,immunoblottingquantitation,CRAFT
1,immunocapture,CRAFT
1,immunochemically,CRAFT
1,immunocytochemically,CRAFT
1,immunocytology,CRAFT
1,immunoelectron,CRAFT
1,immunogen,CRAFT
1,immunoglobulins,CRAFT
1,immunohistopathological,CRAFT
1,immunoinflammatory,CRAFT
1,immunolocalization,CRAFT
1,immunologic,CRAFT
1,immunological,CRAFT
1,immunologicals,CRAFT
1,immunoreseach,CRAFT
1,immunostainings,CRAFT
1,immunostanining,CRAFT
1,immunosuppressant,CRAFT
1,immunosuppressive,CRAFT
1,impacting,CRAFT
1,impacts,CRAFT
1,imparted,CRAFT
1,imparting,CRAFT
1,imparts,CRAFT
1,imperative,CRAFT
1,imperial,CRAFT
1,impinge,CRAFT
1,implants,CRAFT
1,implicates,CRAFT
1,implication,CRAFT
1,importation,CRAFT
1,improbable,CRAFT
1,improperly,CRAFT
1,impulses,CRAFT
1,imr0013,CRAFT
1,imr0014,CRAFT
1,imr0710,CRAFT
1,imr0711,CRAFT
1,ina,CRAFT
1,inaccessible,CRAFT
1,inact,CRAFT
1,inactin,CRAFT
1,inapparent,CRAFT
1,inbl,CRAFT
1,inborn,CRAFT
1,incalculable,CRAFT
1,incineration,CRAFT
1,incisor,CRAFT
1,incline,CRAFT
1,inconspicuous,CRAFT
1,incorporates,CRAFT
1,incorrectly,CRAFT
1,incremental,CRAFT
1,incubate,CRAFT
1,incurred,CRAFT
1,independence,CRAFT
1,indepth,CRAFT
1,indeterminate,CRAFT
1,indexes,CRAFT
1,indications,CRAFT
1,individualised,CRAFT
1,indopacific,CRAFT
1,inducer,CRAFT
1,inducers,CRAFT
1,ineffective,CRAFT
1,inefficiently,CRAFT
1,inevitably,CRAFT
1,infarction,CRAFT
1,infectionbased,CRAFT
1,infiltrate,CRAFT
1,infiltrates,CRAFT
1,infiltrating,CRAFT
1,inflate,CRAFT
1,infrequent,CRAFT
1,ingelheim,CRAFT
1,ingested,CRAFT
1,ingramdrake,CRAFT
1,ingrowth,CRAFT
1,inhba,CRAFT
1,inheritable,CRAFT
1,inhibitor1,CRAFT
1,ini1,CRAFT
1,initiative,CRAFT
1,initiatives,CRAFT
1,injurymediated,CRAFT
1,inkdye,CRAFT
1,inkjet,CRAFT
1,inlgcl,CRAFT
1,inline,CRAFT
1,innate,CRAFT
1,innatetype,CRAFT
1,innermost,CRAFT
1,innervated,CRAFT
1,innovations,CRAFT
1,innozyme,CRAFT
1,inoculating,CRAFT
1,inoue,CRAFT
1,inpharmatics,CRAFT
1,inputs,CRAFT
1,insensitivity,CRAFT
1,insertionrecombination,CRAFT
1,insertionreplacement,CRAFT
1,insideout,CRAFT
1,insightful,CRAFT
1,insitu,CRAFT
1,inspected,CRAFT
1,inspired,CRAFT
1,insr,CRAFT
1,instability,CRAFT
1,institutecommissariat,CRAFT
1,institutions,CRAFT
1,instructed,CRAFT
1,insulating,CRAFT
1,insulinlike,CRAFT
1,insulinresistance,CRAFT
1,insulinresistant,CRAFT
1,insure,CRAFT
1,intakeshowed,CRAFT
1,integ,CRAFT
1,integrates,CRAFT
1,integrating,CRAFT
1,integrations,CRAFT
1,integrator,CRAFT
1,integrincd104,CRAFT
1,intellectually,CRAFT
1,intensively,CRAFT
1,inter,CRAFT
1,interactiva,CRAFT
1,interaggregate,CRAFT
1,intercept,CRAFT
1,interchangeable,CRAFT
1,interchromosomal,CRAFT
1,interdependence,CRAFT
1,interdependent,CRAFT
1,interdigit,CRAFT
1,interfaces,CRAFT
1,interferon,CRAFT
1,interferoninducible,CRAFT
1,interferonregulated,CRAFT
1,interfollicular,CRAFT
1,intergenic,CRAFT
1,interhemispheric,CRAFT
1,interior,CRAFT
1,interleaving,CRAFT
1,interleukin,CRAFT
1,interleukin1,CRAFT
1,interleukin10,CRAFT
1,intermembrane,CRAFT
1,intermixed,CRAFT
1,internalizes,CRAFT
1,interplate,CRAFT
1,interpretations,CRAFT
1,interrogating,CRAFT
1,intersex,CRAFT
1,interstimulus,CRAFT
1,interstrain,CRAFT
1,intersubspecific,CRAFT
1,intersubunit,CRAFT
1,intertrialinterval,CRAFT
1,intervening,CRAFT
1,intimate,CRAFT
1,intolerant,CRAFT
1,intra,CRAFT
1,intracellularly,CRAFT
1,intractable,CRAFT
1,intraembryonic,CRAFT
1,intrafamilial,CRAFT
1,intramolecular,CRAFT
1,intraoperative,CRAFT
1,intraoral,CRAFT
1,intraperikaryal,CRAFT
1,intraspinal,CRAFT
1,intratrial,CRAFT
1,intricacies,CRAFT
1,intricately,CRAFT
1,intron14,CRAFT
1,intronencoded,CRAFT
1,intronlike,CRAFT
1,intronpolya,CRAFT
1,intubated,CRAFT
1,inv,CRAFT
1,invaded,CRAFT
1,invades,CRAFT
1,invading,CRAFT
1,invaginate,CRAFT
1,invasive,CRAFT
1,inversion,CRAFT
1,inverting,CRAFT
1,invf,CRAFT
1,invitrogene,CRAFT
1,invitrogens,CRAFT
1,invoked,CRAFT
1,invokes,CRAFT
1,irb,CRAFT
1,irescre,CRAFT
1,irescrepa,CRAFT
1,iresegfp,CRAFT
1,iresgeo,CRAFT
1,ireshuman,CRAFT
1,ireshygr,CRAFT
1,iridectomy,CRAFT
1,irradiator,CRAFT
1,irrelevant,CRAFT
1,irtlike,CRAFT
1,no1co12400,CRAFT
1,nobbp,CRAFT
1,nobtv,CRAFT
1,nobuka,CRAFT
1,nocbp,CRAFT
1,noctv,CRAFT
1,noden,CRAFT
1,nodes,CRAFT
1,nodule,CRAFT
1,nogginnull,CRAFT
1,nomarskidic,CRAFT
1,nonarticular,CRAFT
1,nonautoimmune,CRAFT
1,nonbasal,CRAFT
1,nonbilaterian,CRAFT
1,nonbonded,CRAFT
1,nonbrca2,CRAFT
1,noncartilaginous,CRAFT
1,noncellautonomously,CRAFT
1,noncentromeric,CRAFT
1,nonchondrogenic,CRAFT
1,noncognitive,CRAFT
1,noncompetitively,CRAFT
1,noncomplementing,CRAFT
1,nonconfirmatory,CRAFT
1,noncontrol,CRAFT
1,nondonor,CRAFT
1,nonelongated,CRAFT
1,nonesterified,CRAFT
1,nonfasted,CRAFT
1,nonhematopoietic,CRAFT
1,nonhomologous,CRAFT
1,nonhybridizing,CRAFT
1,nonimmunised,CRAFT
1,nonjewish,CRAFT
1,nonjoint,CRAFT
1,nonketotic,CRAFT
1,nonlenticular,CRAFT
1,nonlinear,CRAFT
1,nonlinearity,CRAFT
1,nonmedicated,CRAFT
1,nonmeiotic,CRAFT
1,nonmembranebound,CRAFT
1,nonmendelian,CRAFT
1,nonmetazoan,CRAFT
1,nonmhc,CRAFT
1,nonnuclear,CRAFT
1,nonorganic,CRAFT
1,nonoverlap,CRAFT
1,nonoverlapping,CRAFT
1,nonpermissive,CRAFT
1,nonphysiologic,CRAFT
1,nonplant,CRAFT
1,nonpolarized,CRAFT
1,nonproductive,CRAFT
1,nonproteaseadam,CRAFT
1,nonproteinase,CRAFT
1,nonrecombinant,CRAFT
1,nonreduced,CRAFT
1,nonsam,CRAFT
1,nonsaturating,CRAFT
1,nonspatial,CRAFT
1,nonspecifically,CRAFT
1,nonspecificity,CRAFT
1,nonstained,CRAFT
1,nonstandard,CRAFT
1,nonstressed,CRAFT
1,nonstructured,CRAFT
1,nontg,CRAFT
1,nontransfected,CRAFT
1,nontransgeinc,CRAFT
1,nontransplanted,CRAFT
1,nontreated,CRAFT
1,nontruncated,CRAFT
1,nonwater,CRAFT
1,nordic,CRAFT
1,norimasa,CRAFT
1,norma,CRAFT
1,normality,CRAFT
1,normalization,CRAFT
1,northampton,CRAFT
1,northernblot,CRAFT
1,northwest,CRAFT
1,norvgienne,CRAFT
1,nos,CRAFT
1,not1,CRAFT
1,notched,CRAFT
1,notes,CRAFT
1,notixhoi,CRAFT
1,nottigham,CRAFT
1,notwithstanding,CRAFT
1,novacastra,CRAFT
1,novex,CRAFT
1,novocastra,CRAFT
1,novus,CRAFT
1,noxious,CRAFT
1,unadjusted,CRAFT
1,unalleviated,CRAFT
1,unambiguously,CRAFT
1,unannotated,CRAFT
1,unbound,CRAFT
1,unbranched,CRAFT
1,unc119,CRAFT
1,unc71,CRAFT
1,uncertainty,CRAFT
1,uncharacteristic,CRAFT
1,unclassified,CRAFT
1,uncleared,CRAFT
1,unclustered,CRAFT
1,uncoated,CRAFT
1,unconditioned,CRAFT
1,unconscious,CRAFT
1,uncontaminated,CRAFT
1,uncovering,CRAFT
1,uncovers,CRAFT
1,undercoat,CRAFT
1,underdevelopment,CRAFT
1,underestimated,CRAFT
1,underestimates,CRAFT
1,underexpressed,CRAFT
1,underhairs,CRAFT
1,underlayed,CRAFT
1,underrepresentation,CRAFT
1,underscoring,CRAFT
1,undertook,CRAFT
1,undesirable,CRAFT
1,undetectably,CRAFT
1,undigested,CRAFT
1,undiscovered,CRAFT
1,undoubtedly,CRAFT
1,undulating,CRAFT
1,unequivocal,CRAFT
1,unexplored,CRAFT
1,unfixed,CRAFT
1,unfolded,CRAFT
1,unfolding,CRAFT
1,ungulates,CRAFT
1,uni,CRAFT
1,unidirectional,CRAFT
1,uniformity,CRAFT
1,unimportant,CRAFT
1,uninjected,CRAFT
1,uninterpretable,CRAFT
1,unior,CRAFT
1,uniparous,CRAFT
1,uniquely,CRAFT
1,unitskg,CRAFT
1,unitsl,CRAFT
1,unitsml,CRAFT
1,univalentcontaining,CRAFT
1,univariate,CRAFT
1,universality,CRAFT
1,universitat,CRAFT
1,unlearned,CRAFT
1,unlearnedinnate,CRAFT
1,unleashed,CRAFT
1,unmagnified,CRAFT
1,unmetabolized,CRAFT
1,unnecessary,CRAFT
1,unpredicted,CRAFT
1,unraveling,CRAFT
1,unrecognized,CRAFT
1,unrecoverable,CRAFT
1,unremarkable,CRAFT
1,unreported,CRAFT
1,unrooted,CRAFT
1,unsatisfactory,CRAFT
1,unselected,CRAFT
1,unsheared,CRAFT
1,unsilence,CRAFT
1,unsorted,CRAFT
1,unspliced,CRAFT
1,unstructured,CRAFT
1,unsuccessful,CRAFT
1,unsynapsed,CRAFT
1,untoward,CRAFT
1,untrained,CRAFT
1,untransfected,CRAFT
1,unveiled,CRAFT
1,unweighted,CRAFT
